stem,question_num,answer_num,participant_num,image_path,question_he,question_en,full_prompt,vlm_raw_answer_en,used_fallback,fallback_prompt,vlm_answer_en,vlm_answer_he,subject_answer_he,similarity,similarity_percent,comparison_method,subject_answer_en,similarity_labse_he,similarity_labse_he_percent,similarity_en,similarity_en_percent,bertscore_precision,bertscore_recall,bertscore_f1,vlm_model,embed_model,he_en_model,en_he_model,device,timestamp
10_1_11,10,1,11,dataset/images/10_1.png,"הסבירו מדוע בחרתם בתמונה זו כמשקפת את המשפט "" השינוי נעשה   ""","Explain why you chose this image as reflecting the sentence ""Change is made""","You are a systems thinking expert analyzing an image.
Concept: ""Change is made""
Complete this sentence by filling in what you observe and why it connects to the concept:
""This image shows [what you see], which illustrates \""Change is made\"" because [explain the visual link].""
Answer: This image shows",This image shows the faces of different people,False,,This image shows the faces of different people,תמונה זו מראה את פניהם של אנשים שונים,השינוי ניכר לעין,0.3819608986377716,38.2,multilingual semantic embedding cosine similarity,The change is apparent,0.29711028933525085,29.71,0.24594342708587646,24.59,0.8774,0.898,0.8876,Salesforce/blip2-flan-t5-xl,sentence-transformers/paraphrase-multilingual-mpnet-base-v2,Helsinki-NLP/opus-mt-tc-big-he-en,Helsinki-NLP/opus-mt-en-he,cuda,2026-02-27T12:24:37
10_1_14,10,1,14,dataset/images/10_1.png,"הסבירו מדוע בחרתם בתמונה זו כמשקפת את המשפט "" השינוי נעשה   ""","Explain why you chose this image as reflecting the sentence ""Change is made""","You are a systems thinking expert analyzing an image.
Concept: ""Change is made""
Complete this sentence by filling in what you observe and why it connects to the concept:
""This image shows [what you see], which illustrates \""Change is made\"" because [explain the visual link].""
Answer: This image shows",This image shows the faces of different people,False,,This image shows the faces of different people,תמונה זו מראה את פניהם של אנשים שונים,אבולציה של אנשים,0.4714159369468689,47.14,multilingual semantic embedding cosine similarity,People's Evolution,0.2544959783554077,25.45,0.3304476737976074,33.04,0.8706,0.8883,0.8793,Salesforce/blip2-flan-t5-xl,sentence-transformers/paraphrase-multilingual-mpnet-base-v2,Helsinki-NLP/opus-mt-tc-big-he-en,Helsinki-NLP/opus-mt-en-he,cuda,2026-02-27T12:24:44
10_1_21,10,1,21,dataset/images/10_1.png,"הסבירו מדוע בחרתם בתמונה זו כמשקפת את המשפט "" השינוי נעשה   ""","Explain why you chose this image as reflecting the sentence ""Change is made""","You are a systems thinking expert analyzing an image.
Concept: ""Change is made""
Complete this sentence by filling in what you observe and why it connects to the concept:
""This image shows [what you see], which illustrates \""Change is made\"" because [explain the visual link].""
Answer: This image shows",This image shows the faces of different people,False,,This image shows the faces of different people,תמונה זו מראה את פניהם של אנשים שונים,קצב היזדקנות של בן אדם,0.5552654266357422,55.53,multilingual semantic embedding cosine similarity,A person's ageing rate,0.09561656415462494,9.56,0.3592984080314636,35.93,0.8872,0.8935,0.8903,Salesforce/blip2-flan-t5-xl,sentence-transformers/paraphrase-multilingual-mpnet-base-v2,Helsinki-NLP/opus-mt-tc-big-he-en,Helsinki-NLP/opus-mt-en-he,cuda,2026-02-27T12:24:48
10_1_22,10,1,22,dataset/images/10_1.png,"הסבירו מדוע בחרתם בתמונה זו כמשקפת את המשפט "" השינוי נעשה   ""","Explain why you chose this image as reflecting the sentence ""Change is made""","You are a systems thinking expert analyzing an image.
Concept: ""Change is made""
Complete this sentence by filling in what you observe and why it connects to the concept:
""This image shows [what you see], which illustrates \""Change is made\"" because [explain the visual link].""
Answer: This image shows",This image shows the faces of different people,False,,This image shows the faces of different people,תמונה זו מראה את פניהם של אנשים שונים,כי רואים את השינוי וההתפתחות של האדם,0.5165764689445496,51.66,multilingual semantic embedding cosine similarity,Because one sees the change and development of the human being.,0.35388264060020447,35.39,0.35434490442276,35.43,0.8741,0.8852,0.8796,Salesforce/blip2-flan-t5-xl,sentence-transformers/paraphrase-multilingual-mpnet-base-v2,Helsinki-NLP/opus-mt-tc-big-he-en,Helsinki-NLP/opus-mt-en-he,cuda,2026-02-27T12:24:53
10_1_24,10,1,24,dataset/images/10_1.png,"הסבירו מדוע בחרתם בתמונה זו כמשקפת את המשפט "" השינוי נעשה   ""","Explain why you chose this image as reflecting the sentence ""Change is made""","You are a systems thinking expert analyzing an image.
Concept: ""Change is made""
Complete this sentence by filling in what you observe and why it connects to the concept:
""This image shows [what you see], which illustrates \""Change is made\"" because [explain the visual link].""
Answer: This image shows",This image shows the faces of different people,False,,This image shows the faces of different people,תמונה זו מראה את פניהם של אנשים שונים,האדם הולך וגדל,0.5785313844680786,57.85,multilingual semantic embedding cosine similarity,The man is growing,0.14104527235031128,14.1,0.16370674967765808,16.37,0.867,0.8819,0.8744,Salesforce/blip2-flan-t5-xl,sentence-transformers/paraphrase-multilingual-mpnet-base-v2,Helsinki-NLP/opus-mt-tc-big-he-en,Helsinki-NLP/opus-mt-en-he,cuda,2026-02-27T12:25:01
10_1_26,10,1,26,dataset/images/10_1.png,"הסבירו מדוע בחרתם בתמונה זו כמשקפת את המשפט "" השינוי נעשה   ""","Explain why you chose this image as reflecting the sentence ""Change is made""","You are a systems thinking expert analyzing an image.
Concept: ""Change is made""
Complete this sentence by filling in what you observe and why it connects to the concept:
""This image shows [what you see], which illustrates \""Change is made\"" because [explain the visual link].""
Answer: This image shows",This image shows the faces of different people,False,,This image shows the faces of different people,תמונה זו מראה את פניהם של אנשים שונים,האדם מתבגר ועובר שינויים,0.56817626953125,56.82,multilingual semantic embedding cosine similarity,People grow up and go through changes.,0.2805931866168976,28.06,0.3426189720630646,34.26,0.8708,0.8693,0.8701,Salesforce/blip2-flan-t5-xl,sentence-transformers/paraphrase-multilingual-mpnet-base-v2,Helsinki-NLP/opus-mt-tc-big-he-en,Helsinki-NLP/opus-mt-en-he,cuda,2026-02-27T12:25:13
10_1_36,10,1,36,dataset/images/10_1.png,"הסבירו מדוע בחרתם בתמונה זו כמשקפת את המשפט "" השינוי נעשה   ""","Explain why you chose this image as reflecting the sentence ""Change is made""","You are a systems thinking expert analyzing an image.
Concept: ""Change is made""
Complete this sentence by filling in what you observe and why it connects to the concept:
""This image shows [what you see], which illustrates \""Change is made\"" because [explain the visual link].""
Answer: This image shows",This image shows the faces of different people,False,,This image shows the faces of different people,תמונה זו מראה את פניהם של אנשים שונים,כל דור והקשיים שלו זה משתנה גם במראה,0.43675246834754944,43.68,multilingual semantic embedding cosine similarity,Every generation and its difficulties It also changes in appearance,0.2704692482948303,27.05,0.39329856634140015,39.33,0.8694,0.844,0.8565,Salesforce/blip2-flan-t5-xl,sentence-transformers/paraphrase-multilingual-mpnet-base-v2,Helsinki-NLP/opus-mt-tc-big-he-en,Helsinki-NLP/opus-mt-en-he,cuda,2026-02-27T12:25:22
10_1_37,10,1,37,dataset/images/10_1.png,"הסבירו מדוע בחרתם בתמונה זו כמשקפת את המשפט "" השינוי נעשה   ""","Explain why you chose this image as reflecting the sentence ""Change is made""","You are a systems thinking expert analyzing an image.
Concept: ""Change is made""
Complete this sentence by filling in what you observe and why it connects to the concept:
""This image shows [what you see], which illustrates \""Change is made\"" because [explain the visual link].""
Answer: This image shows",This image shows the faces of different people,False,,This image shows the faces of different people,תמונה זו מראה את פניהם של אנשים שונים,אנחנו גדלים ומשתנים.,0.3904963731765747,39.05,multilingual semantic embedding cosine similarity,We grow and change.,0.18984317779541016,18.98,0.15376873314380646,15.38,0.8675,0.8867,0.877,Salesforce/blip2-flan-t5-xl,sentence-transformers/paraphrase-multilingual-mpnet-base-v2,Helsinki-NLP/opus-mt-tc-big-he-en,Helsinki-NLP/opus-mt-en-he,cuda,2026-02-27T12:25:32
10_1_49,10,1,49,dataset/images/10_1.png,"הסבירו מדוע בחרתם בתמונה זו כמשקפת את המשפט "" השינוי נעשה   ""","Explain why you chose this image as reflecting the sentence ""Change is made""","You are a systems thinking expert analyzing an image.
Concept: ""Change is made""
Complete this sentence by filling in what you observe and why it connects to the concept:
""This image shows [what you see], which illustrates \""Change is made\"" because [explain the visual link].""
Answer: This image shows",This image shows the faces of different people,False,,This image shows the faces of different people,תמונה זו מראה את פניהם של אנשים שונים,כי ברגע שמזדקנים אין דרך חזרה להיות צעיר,0.3809581995010376,38.1,multilingual semantic embedding cosine similarity,Because once you get old there's no going back to being young.,0.21358126401901245,21.36,0.23319339752197266,23.32,0.8645,0.8427,0.8534,Salesforce/blip2-flan-t5-xl,sentence-transformers/paraphrase-multilingual-mpnet-base-v2,Helsinki-NLP/opus-mt-tc-big-he-en,Helsinki-NLP/opus-mt-en-he,cuda,2026-02-27T12:25:38
10_1_52,10,1,52,dataset/images/10_1.png,"הסבירו מדוע בחרתם בתמונה זו כמשקפת את המשפט "" השינוי נעשה   ""","Explain why you chose this image as reflecting the sentence ""Change is made""","You are a systems thinking expert analyzing an image.
Concept: ""Change is made""
Complete this sentence by filling in what you observe and why it connects to the concept:
""This image shows [what you see], which illustrates \""Change is made\"" because [explain the visual link].""
Answer: This image shows",This image shows the faces of different people,False,,This image shows the faces of different people,תמונה זו מראה את פניהם של אנשים שונים,התמונה הזו ממחישה בצורה ישירה וברורה את רעיון השינוי,0.6001946330070496,60.02,multilingual semantic embedding cosine similarity,This image directly and clearly illustrates the idea of change,0.6103872656822205,61.04,0.45160773396492004,45.16,0.9177,0.902,0.9098,Salesforce/blip2-flan-t5-xl,sentence-transformers/paraphrase-multilingual-mpnet-base-v2,Helsinki-NLP/opus-mt-tc-big-he-en,Helsinki-NLP/opus-mt-en-he,cuda,2026-02-27T12:25:45
10_1_54,10,1,54,dataset/images/10_1.png,"הסבירו מדוע בחרתם בתמונה זו כמשקפת את המשפט "" השינוי נעשה   ""","Explain why you chose this image as reflecting the sentence ""Change is made""","You are a systems thinking expert analyzing an image.
Concept: ""Change is made""
Complete this sentence by filling in what you observe and why it connects to the concept:
""This image shows [what you see], which illustrates \""Change is made\"" because [explain the visual link].""
Answer: This image shows",This image shows the faces of different people,False,,This image shows the faces of different people,תמונה זו מראה את פניהם של אנשים שונים,רואים את השינוי במראה לפי הגיל,0.3678571283817291,36.79,multilingual semantic embedding cosine similarity,You can see the change in appearance by age.,0.41514670848846436,41.51,0.43109673261642456,43.11,0.9003,0.91,0.9051,Salesforce/blip2-flan-t5-xl,sentence-transformers/paraphrase-multilingual-mpnet-base-v2,Helsinki-NLP/opus-mt-tc-big-he-en,Helsinki-NLP/opus-mt-en-he,cuda,2026-02-27T12:25:52
10_1_58,10,1,58,dataset/images/10_1.png,"הסבירו מדוע בחרתם בתמונה זו כמשקפת את המשפט "" השינוי נעשה   ""","Explain why you chose this image as reflecting the sentence ""Change is made""","You are a systems thinking expert analyzing an image.
Concept: ""Change is made""
Complete this sentence by filling in what you observe and why it connects to the concept:
""This image shows [what you see], which illustrates \""Change is made\"" because [explain the visual link].""
Answer: This image shows",This image shows the faces of different people,False,,This image shows the faces of different people,תמונה זו מראה את פניהם של אנשים שונים,התמונה מציגה את תהליך החיים של בן אדם מהילדות ועד הזקנה ומראה שהשינוי כבר התרחש בפועל ואי אפשר לחזור אחורה.,0.46028757095336914,46.03,multilingual semantic embedding cosine similarity,The picture shows a person's life process from childhood to old age and shows that change has already taken place and it is impossible to go back.,0.44658201932907104,44.66,0.40635985136032104,40.64,0.9106,0.8563,0.8826,Salesforce/blip2-flan-t5-xl,sentence-transformers/paraphrase-multilingual-mpnet-base-v2,Helsinki-NLP/opus-mt-tc-big-he-en,Helsinki-NLP/opus-mt-en-he,cuda,2026-02-27T12:25:58
10_1_59,10,1,59,dataset/images/10_1.png,"הסבירו מדוע בחרתם בתמונה זו כמשקפת את המשפט "" השינוי נעשה   ""","Explain why you chose this image as reflecting the sentence ""Change is made""","You are a systems thinking expert analyzing an image.
Concept: ""Change is made""
Complete this sentence by filling in what you observe and why it connects to the concept:
""This image shows [what you see], which illustrates \""Change is made\"" because [explain the visual link].""
Answer: This image shows",This image shows the faces of different people,False,,This image shows the faces of different people,תמונה זו מראה את פניהם של אנשים שונים,בחרתי בתמונה של האדם שמתבגר משום שבה בעיני הכי מורגש זה שאי אפשר להחזיר את הגלגל לאחור. ברגע שהאדם כבר מזדקן אי אפשר ״לבטל״ את השינוי שהוא עבר.,0.51652991771698,51.65,multilingual semantic embedding cosine similarity,"I chose the image of the person who is growing up because in my eyes it is most noticeable that it is impossible to turn back the wheel. Once the person is already getting older it is impossible to ""cancel"" the change he has gone through.",0.20392531156539917,20.39,0.41067540645599365,41.07,0.8756,0.8292,0.8518,Salesforce/blip2-flan-t5-xl,sentence-transformers/paraphrase-multilingual-mpnet-base-v2,Helsinki-NLP/opus-mt-tc-big-he-en,Helsinki-NLP/opus-mt-en-he,cuda,2026-02-27T12:26:06
10_1_61,10,1,61,dataset/images/10_1.png,"הסבירו מדוע בחרתם בתמונה זו כמשקפת את המשפט "" השינוי נעשה   ""","Explain why you chose this image as reflecting the sentence ""Change is made""","You are a systems thinking expert analyzing an image.
Concept: ""Change is made""
Complete this sentence by filling in what you observe and why it connects to the concept:
""This image shows [what you see], which illustrates \""Change is made\"" because [explain the visual link].""
Answer: This image shows",This image shows the faces of different people,False,,This image shows the faces of different people,תמונה זו מראה את פניהם של אנשים שונים,"זקנה הוא תהליך בלתי הפיך, לעמות צלחת שבורה שאפשר לדביק בחזרה או למחזר. פרח אפשר לשקם. ושיכרות הינה השפעה זמנית.",0.30703648924827576,30.7,multilingual semantic embedding cosine similarity,"Old age is an irreversible process, for a broken plate can be glued back or recycled. A flower can be rehabilitated. And drunkenness is a temporary effect.",0.07156121730804443,7.16,0.15981437265872955,15.98,0.8588,0.8348,0.8466,Salesforce/blip2-flan-t5-xl,sentence-transformers/paraphrase-multilingual-mpnet-base-v2,Helsinki-NLP/opus-mt-tc-big-he-en,Helsinki-NLP/opus-mt-en-he,cuda,2026-02-27T12:26:14
10_2_15,10,2,15,dataset/images/10_2.png,"הסבירו מדוע בחרתם בתמונה זו כמשקפת את המשפט "" השינוי נעשה   ""","Explain why you chose this image as reflecting the sentence ""Change is made""","You are a systems thinking expert analyzing an image.
Concept: ""Change is made""
Complete this sentence by filling in what you observe and why it connects to the concept:
""This image shows [what you see], which illustrates \""Change is made\"" because [explain the visual link].""
Answer: This image shows",This image shows four different flowers,False,,This image shows four different flowers,תמונה זו מציגה ארבעה פרחים שונים,רואים שהפרח היה פורח ואלט לאט נבל כי לא השקו אותו,0.4599711298942566,46.0,multilingual semantic embedding cosine similarity,You can see that the flower was blooming and slowly a harp because it wasn't watered.,0.22832465171813965,22.83,0.4745863974094391,47.46,0.855,0.8374,0.8461,Salesforce/blip2-flan-t5-xl,sentence-transformers/paraphrase-multilingual-mpnet-base-v2,Helsinki-NLP/opus-mt-tc-big-he-en,Helsinki-NLP/opus-mt-en-he,cuda,2026-02-27T12:26:21
10_2_17,10,2,17,dataset/images/10_2.png,"הסבירו מדוע בחרתם בתמונה זו כמשקפת את המשפט "" השינוי נעשה   ""","Explain why you chose this image as reflecting the sentence ""Change is made""","You are a systems thinking expert analyzing an image.
Concept: ""Change is made""
Complete this sentence by filling in what you observe and why it connects to the concept:
""This image shows [what you see], which illustrates \""Change is made\"" because [explain the visual link].""
Answer: This image shows",This image shows four different flowers,False,,This image shows four different flowers,תמונה זו מציגה ארבעה פרחים שונים,שהפרח פורח,0.6866238117218018,68.66,multilingual semantic embedding cosine similarity,That the flower blooms,0.4078138768672943,40.78,0.6835135221481323,68.35,0.8593,0.8845,0.8717,Salesforce/blip2-flan-t5-xl,sentence-transformers/paraphrase-multilingual-mpnet-base-v2,Helsinki-NLP/opus-mt-tc-big-he-en,Helsinki-NLP/opus-mt-en-he,cuda,2026-02-27T12:26:27
10_2_19,10,2,19,dataset/images/10_2.png,"הסבירו מדוע בחרתם בתמונה זו כמשקפת את המשפט "" השינוי נעשה   ""","Explain why you chose this image as reflecting the sentence ""Change is made""","You are a systems thinking expert analyzing an image.
Concept: ""Change is made""
Complete this sentence by filling in what you observe and why it connects to the concept:
""This image shows [what you see], which illustrates \""Change is made\"" because [explain the visual link].""
Answer: This image shows",This image shows four different flowers,False,,This image shows four different flowers,תמונה זו מציגה ארבעה פרחים שונים,השינוי נעשה זה שניתן לראות התחלה וסוף ובין לבין רואים את התהליך ואת הקיצוניות.,0.19268301129341125,19.27,multilingual semantic embedding cosine similarity,Change is made that one can see beginning and end and in between one sees the process and the extreme.,0.18092279136180878,18.09,0.03593086823821068,3.59,0.842,0.8275,0.8347,Salesforce/blip2-flan-t5-xl,sentence-transformers/paraphrase-multilingual-mpnet-base-v2,Helsinki-NLP/opus-mt-tc-big-he-en,Helsinki-NLP/opus-mt-en-he,cuda,2026-02-27T12:26:33
10_2_20,10,2,20,dataset/images/10_2.png,"הסבירו מדוע בחרתם בתמונה זו כמשקפת את המשפט "" השינוי נעשה   ""","Explain why you chose this image as reflecting the sentence ""Change is made""","You are a systems thinking expert analyzing an image.
Concept: ""Change is made""
Complete this sentence by filling in what you observe and why it connects to the concept:
""This image shows [what you see], which illustrates \""Change is made\"" because [explain the visual link].""
Answer: This image shows",This image shows four different flowers,False,,This image shows four different flowers,תמונה זו מציגה ארבעה פרחים שונים,רואים בבירור איך השינוי נעשה מתמונה לתמונה,0.23239099979400635,23.24,multilingual semantic embedding cosine similarity,You can clearly see how the change is made from picture to picture.,0.37087535858154297,37.09,0.15283308923244476,15.28,0.866,0.8531,0.8595,Salesforce/blip2-flan-t5-xl,sentence-transformers/paraphrase-multilingual-mpnet-base-v2,Helsinki-NLP/opus-mt-tc-big-he-en,Helsinki-NLP/opus-mt-en-he,cuda,2026-02-27T12:26:37
10_2_23,10,2,23,dataset/images/10_2.png,"הסבירו מדוע בחרתם בתמונה זו כמשקפת את המשפט "" השינוי נעשה   ""","Explain why you chose this image as reflecting the sentence ""Change is made""","You are a systems thinking expert analyzing an image.
Concept: ""Change is made""
Complete this sentence by filling in what you observe and why it connects to the concept:
""This image shows [what you see], which illustrates \""Change is made\"" because [explain the visual link].""
Answer: This image shows",This image shows four different flowers,False,,This image shows four different flowers,תמונה זו מציגה ארבעה פרחים שונים,פרח שמתחיל כעצוב ונובל פורח וזה תהליך של בני אדם,0.66217440366745,66.22,multilingual semantic embedding cosine similarity,A flower that begins as a sad and a flowering novel and it's a human process,0.33752503991127014,33.75,0.5174077749252319,51.74,0.8456,0.8321,0.8388,Salesforce/blip2-flan-t5-xl,sentence-transformers/paraphrase-multilingual-mpnet-base-v2,Helsinki-NLP/opus-mt-tc-big-he-en,Helsinki-NLP/opus-mt-en-he,cuda,2026-02-27T12:26:42
10_2_25,10,2,25,dataset/images/10_2.png,"הסבירו מדוע בחרתם בתמונה זו כמשקפת את המשפט "" השינוי נעשה   ""","Explain why you chose this image as reflecting the sentence ""Change is made""","You are a systems thinking expert analyzing an image.
Concept: ""Change is made""
Complete this sentence by filling in what you observe and why it connects to the concept:
""This image shows [what you see], which illustrates \""Change is made\"" because [explain the visual link].""
Answer: This image shows",This image shows four different flowers,False,,This image shows four different flowers,תמונה זו מציגה ארבעה פרחים שונים,אני רואה שינוי,0.19034022092819214,19.03,multilingual semantic embedding cosine similarity,I see a change.,0.3797002136707306,37.97,0.07133422791957855,7.13,0.8472,0.9034,0.8744,Salesforce/blip2-flan-t5-xl,sentence-transformers/paraphrase-multilingual-mpnet-base-v2,Helsinki-NLP/opus-mt-tc-big-he-en,Helsinki-NLP/opus-mt-en-he,cuda,2026-02-27T12:26:46
10_2_27,10,2,27,dataset/images/10_2.png,"הסבירו מדוע בחרתם בתמונה זו כמשקפת את המשפט "" השינוי נעשה   ""","Explain why you chose this image as reflecting the sentence ""Change is made""","You are a systems thinking expert analyzing an image.
Concept: ""Change is made""
Complete this sentence by filling in what you observe and why it connects to the concept:
""This image shows [what you see], which illustrates \""Change is made\"" because [explain the visual link].""
Answer: This image shows",This image shows four different flowers,False,,This image shows four different flowers,תמונה זו מציגה ארבעה פרחים שונים,יש פרח נובל ואי אפשר לשנות מפרח נובל לצומח,0.5006518959999084,50.07,multilingual semantic embedding cosine similarity,There is a Nobel flower and you can't change from a Nobel flower to a vegetable.,0.39050886034965515,39.05,0.34027573466300964,34.03,0.8581,0.8476,0.8528,Salesforce/blip2-flan-t5-xl,sentence-transformers/paraphrase-multilingual-mpnet-base-v2,Helsinki-NLP/opus-mt-tc-big-he-en,Helsinki-NLP/opus-mt-en-he,cuda,2026-02-27T12:26:50
10_2_35,10,2,35,dataset/images/10_2.png,"הסבירו מדוע בחרתם בתמונה זו כמשקפת את המשפט "" השינוי נעשה   ""","Explain why you chose this image as reflecting the sentence ""Change is made""","You are a systems thinking expert analyzing an image.
Concept: ""Change is made""
Complete this sentence by filling in what you observe and why it connects to the concept:
""This image shows [what you see], which illustrates \""Change is made\"" because [explain the visual link].""
Answer: This image shows",This image shows four different flowers,False,,This image shows four different flowers,תמונה זו מציגה ארבעה פרחים שונים,ממחיש את השינוי דרך פרח שצומח ואז נובל,0.5913020372390747,59.13,multilingual semantic embedding cosine similarity,Illustrates the change through a flower that grows and then Nobel,0.48723676800727844,48.72,0.5319988131523132,53.2,0.8701,0.8428,0.8563,Salesforce/blip2-flan-t5-xl,sentence-transformers/paraphrase-multilingual-mpnet-base-v2,Helsinki-NLP/opus-mt-tc-big-he-en,Helsinki-NLP/opus-mt-en-he,cuda,2026-02-27T12:26:54
10_2_41,10,2,41,dataset/images/10_2.png,"הסבירו מדוע בחרתם בתמונה זו כמשקפת את המשפט "" השינוי נעשה   ""","Explain why you chose this image as reflecting the sentence ""Change is made""","You are a systems thinking expert analyzing an image.
Concept: ""Change is made""
Complete this sentence by filling in what you observe and why it connects to the concept:
""This image shows [what you see], which illustrates \""Change is made\"" because [explain the visual link].""
Answer: This image shows",This image shows four different flowers,False,,This image shows four different flowers,תמונה זו מציגה ארבעה פרחים שונים,"הצמח כמל, הגיע לסוף תהליך ייעודו ותפקידו",0.5660474300384521,56.6,multilingual semantic embedding cosine similarity,"The plant as a mel, has reached the end of its vocation process and function",0.0800560936331749,8.01,0.3643611967563629,36.44,0.8444,0.8154,0.8296,Salesforce/blip2-flan-t5-xl,sentence-transformers/paraphrase-multilingual-mpnet-base-v2,Helsinki-NLP/opus-mt-tc-big-he-en,Helsinki-NLP/opus-mt-en-he,cuda,2026-02-27T12:26:57
10_2_42,10,2,42,dataset/images/10_2.png,"הסבירו מדוע בחרתם בתמונה זו כמשקפת את המשפט "" השינוי נעשה   ""","Explain why you chose this image as reflecting the sentence ""Change is made""","You are a systems thinking expert analyzing an image.
Concept: ""Change is made""
Complete this sentence by filling in what you observe and why it connects to the concept:
""This image shows [what you see], which illustrates \""Change is made\"" because [explain the visual link].""
Answer: This image shows",This image shows four different flowers,False,,This image shows four different flowers,תמונה זו מציגה ארבעה פרחים שונים,רואים את השינוי,0.14342160522937775,14.34,multilingual semantic embedding cosine similarity,You see the change.,0.25604552030563354,25.6,0.0663079172372818,6.63,0.8443,0.9013,0.8719,Salesforce/blip2-flan-t5-xl,sentence-transformers/paraphrase-multilingual-mpnet-base-v2,Helsinki-NLP/opus-mt-tc-big-he-en,Helsinki-NLP/opus-mt-en-he,cuda,2026-02-27T12:27:01
10_2_46,10,2,46,dataset/images/10_2.png,"הסבירו מדוע בחרתם בתמונה זו כמשקפת את המשפט "" השינוי נעשה   ""","Explain why you chose this image as reflecting the sentence ""Change is made""","You are a systems thinking expert analyzing an image.
Concept: ""Change is made""
Complete this sentence by filling in what you observe and why it connects to the concept:
""This image shows [what you see], which illustrates \""Change is made\"" because [explain the visual link].""
Answer: This image shows",This image shows four different flowers,False,,This image shows four different flowers,תמונה זו מציגה ארבעה פרחים שונים,"בתמונה רואים שני שינויים, שינוי ראשון של הפרח עצמו שפרח וצמח אבל הסביבה נשארה זהה, ובתמונה השנייה הפרח נשאר נבול אבל הסביבה השתנתה. בשניהם השינוי נעשה.",0.49961212277412415,49.96,multilingual semantic embedding cosine similarity,"In the picture you see two changes, a first change of the flower itself that flower and plant but the environment remains the same, and in the second picture the flower remains wilted but the environment has changed. In both the change is made.",0.44020742177963257,44.02,0.4651053547859192,46.51,0.8701,0.8294,0.8492,Salesforce/blip2-flan-t5-xl,sentence-transformers/paraphrase-multilingual-mpnet-base-v2,Helsinki-NLP/opus-mt-tc-big-he-en,Helsinki-NLP/opus-mt-en-he,cuda,2026-02-27T12:27:05
1_1_13,1,1,13,dataset/images/1_1.png,"הסבירו מדוע בחרתם בתמונה זו כמשקפת את המשפט "" העבודה הושלמה בהצלחה""","Explain why you chose this image as reflecting the sentence ""Work completed successfully""","You are a systems thinking expert analyzing an image.
Concept: ""Work completed successfully""
Complete this sentence by filling in what you observe and why it connects to the concept:
""This image shows [what you see], which illustrates \""Work completed successfully\"" because [explain the visual link].""
Answer: This image shows",This image shows two military men preparing a missile,False,,This image shows two military men preparing a missile,תמונה זו מראה שני אנשי צבא מכינים טיל,כי הם עבדים בצוות,0.36201560497283936,36.2,multilingual semantic embedding cosine similarity,They are slaves in the crew.,0.26173028349876404,26.17,0.1716236174106598,17.16,0.85,0.8959,0.8724,Salesforce/blip2-flan-t5-xl,sentence-transformers/paraphrase-multilingual-mpnet-base-v2,Helsinki-NLP/opus-mt-tc-big-he-en,Helsinki-NLP/opus-mt-en-he,cuda,2026-02-27T12:27:10
1_1_21,1,1,21,dataset/images/1_1.png,"הסבירו מדוע בחרתם בתמונה זו כמשקפת את המשפט "" העבודה הושלמה בהצלחה""","Explain why you chose this image as reflecting the sentence ""Work completed successfully""","You are a systems thinking expert analyzing an image.
Concept: ""Work completed successfully""
Complete this sentence by filling in what you observe and why it connects to the concept:
""This image shows [what you see], which illustrates \""Work completed successfully\"" because [explain the visual link].""
Answer: This image shows",This image shows two military men preparing a missile,False,,This image shows two military men preparing a missile,תמונה זו מראה שני אנשי צבא מכינים טיל,יש פה עובדה צוות וזה נראה שהם עוד שניה מסיים,0.3720606863498688,37.21,multilingual semantic embedding cosine similarity,There's a fact here staff and it looks like they're about to finish.,0.36319443583488464,36.32,0.28572943806648254,28.57,0.8455,0.8371,0.8413,Salesforce/blip2-flan-t5-xl,sentence-transformers/paraphrase-multilingual-mpnet-base-v2,Helsinki-NLP/opus-mt-tc-big-he-en,Helsinki-NLP/opus-mt-en-he,cuda,2026-02-27T12:27:15
1_2_20,1,2,20,dataset/images/1_2.png,"הסבירו מדוע בחרתם בתמונה זו כמשקפת את המשפט "" העבודה הושלמה בהצלחה""","Explain why you chose this image as reflecting the sentence ""Work completed successfully""","You are a systems thinking expert analyzing an image.
Concept: ""Work completed successfully""
Complete this sentence by filling in what you observe and why it connects to the concept:
""This image shows [what you see], which illustrates \""Work completed successfully\"" because [explain the visual link].""
Answer: This image shows",This image shows a bulldozer and a dump truck,False,,This image shows a bulldozer and a dump truck,התמונה הזו מראה בולדוזר ומשאית זבל.,העבודה זה לשים משהו בתוך המשאית והיא הושלמה בהצלחה,0.6111588478088379,61.12,multilingual semantic embedding cosine similarity,The job is to put something inside the truck and it's successfully completed,0.39029574394226074,39.03,0.5304903984069824,53.05,0.8835,0.8621,0.8727,Salesforce/blip2-flan-t5-xl,sentence-transformers/paraphrase-multilingual-mpnet-base-v2,Helsinki-NLP/opus-mt-tc-big-he-en,Helsinki-NLP/opus-mt-en-he,cuda,2026-02-27T12:27:19
1_2_32,1,2,32,dataset/images/1_2.png,"הסבירו מדוע בחרתם בתמונה זו כמשקפת את המשפט "" העבודה הושלמה בהצלחה""","Explain why you chose this image as reflecting the sentence ""Work completed successfully""","You are a systems thinking expert analyzing an image.
Concept: ""Work completed successfully""
Complete this sentence by filling in what you observe and why it connects to the concept:
""This image shows [what you see], which illustrates \""Work completed successfully\"" because [explain the visual link].""
Answer: This image shows",This image shows a bulldozer and a dump truck,False,,This image shows a bulldozer and a dump truck,התמונה הזו מראה בולדוזר ומשאית זבל.,כי סיימו את הפעולה של לשפוך מה שהיה בטרקטור למשאית,0.7064279317855835,70.64,multilingual semantic embedding cosine similarity,Because they ended the act of pouring what was in the tractor into the truck,0.15063698589801788,15.06,0.5235704779624939,52.36,0.8684,0.8684,0.8684,Salesforce/blip2-flan-t5-xl,sentence-transformers/paraphrase-multilingual-mpnet-base-v2,Helsinki-NLP/opus-mt-tc-big-he-en,Helsinki-NLP/opus-mt-en-he,cuda,2026-02-27T12:27:24
1_2_36,1,2,36,dataset/images/1_2.png,"הסבירו מדוע בחרתם בתמונה זו כמשקפת את המשפט "" העבודה הושלמה בהצלחה""","Explain why you chose this image as reflecting the sentence ""Work completed successfully""","You are a systems thinking expert analyzing an image.
Concept: ""Work completed successfully""
Complete this sentence by filling in what you observe and why it connects to the concept:
""This image shows [what you see], which illustrates \""Work completed successfully\"" because [explain the visual link].""
Answer: This image shows",This image shows a bulldozer and a dump truck,False,,This image shows a bulldozer and a dump truck,התמונה הזו מראה בולדוזר ומשאית זבל.,בתמונה אני רואה שיש יהודים וזה אומר שהולכים לבנות משהו מסוים בית / בניין / פארק ועצם העובדה שהולכים לבנות משהוו חדש זה מעיר השראה ותקווה,0.34866952896118164,34.87,multilingual semantic embedding cosine similarity,In the picture I see that there are Jews and that means that they are going to build something specific a house / building / park and the very fact that they are going to build something new is inspiring and hopeful.,0.3931735157966614,39.32,0.1927507519721985,19.28,0.8721,0.8283,0.8496,Salesforce/blip2-flan-t5-xl,sentence-transformers/paraphrase-multilingual-mpnet-base-v2,Helsinki-NLP/opus-mt-tc-big-he-en,Helsinki-NLP/opus-mt-en-he,cuda,2026-02-27T12:27:29
1_2_48,1,2,48,dataset/images/1_2.png,"הסבירו מדוע בחרתם בתמונה זו כמשקפת את המשפט "" העבודה הושלמה בהצלחה""","Explain why you chose this image as reflecting the sentence ""Work completed successfully""","You are a systems thinking expert analyzing an image.
Concept: ""Work completed successfully""
Complete this sentence by filling in what you observe and why it connects to the concept:
""This image shows [what you see], which illustrates \""Work completed successfully\"" because [explain the visual link].""
Answer: This image shows",This image shows a bulldozer and a dump truck,False,,This image shows a bulldozer and a dump truck,התמונה הזו מראה בולדוזר ומשאית זבל.,"בחרתי בתמונה מספר 2 מפני שלא רואים עובדים בתמונה מה שמעיד שהפעולות שהיו צריכות להתבצע הסתיימו. בנוסף, כשהתמונה מצולמת מרחוק ניתן לראות את כל המרכיבים בשלמותם מה שמעיד שהעבודה הושלמה.",0.3338172435760498,33.38,multilingual semantic embedding cosine similarity,"I chose picture number 2 because you don't see employees in the picture which indicates that the actions that needed to be done are done. In addition, when the image is taken remotely you can see all the components in their entirety which indicates that the work has been completed.",0.32841116189956665,32.84,0.2901330888271332,29.01,0.8802,0.8403,0.8598,Salesforce/blip2-flan-t5-xl,sentence-transformers/paraphrase-multilingual-mpnet-base-v2,Helsinki-NLP/opus-mt-tc-big-he-en,Helsinki-NLP/opus-mt-en-he,cuda,2026-02-27T12:27:35
1_2_49,1,2,49,dataset/images/1_2.png,"הסבירו מדוע בחרתם בתמונה זו כמשקפת את המשפט "" העבודה הושלמה בהצלחה""","Explain why you chose this image as reflecting the sentence ""Work completed successfully""","You are a systems thinking expert analyzing an image.
Concept: ""Work completed successfully""
Complete this sentence by filling in what you observe and why it connects to the concept:
""This image shows [what you see], which illustrates \""Work completed successfully\"" because [explain the visual link].""
Answer: This image shows",This image shows a bulldozer and a dump truck,False,,This image shows a bulldozer and a dump truck,התמונה הזו מראה בולדוזר ומשאית זבל.,"נראה שהטרקטור סיים לפנות למשאית, כי אין כלום בסביבה לפינוי.",0.7604591846466064,76.05,multilingual semantic embedding cosine similarity,"The tractor seems to have finished turning to the truck, because there's nothing around for the evacuation.",0.19558584690093994,19.56,0.6325205564498901,63.25,0.8818,0.8541,0.8677,Salesforce/blip2-flan-t5-xl,sentence-transformers/paraphrase-multilingual-mpnet-base-v2,Helsinki-NLP/opus-mt-tc-big-he-en,Helsinki-NLP/opus-mt-en-he,cuda,2026-02-27T12:27:42
1_2_53,1,2,53,dataset/images/1_2.png,"הסבירו מדוע בחרתם בתמונה זו כמשקפת את המשפט "" העבודה הושלמה בהצלחה""","Explain why you chose this image as reflecting the sentence ""Work completed successfully""","You are a systems thinking expert analyzing an image.
Concept: ""Work completed successfully""
Complete this sentence by filling in what you observe and why it connects to the concept:
""This image shows [what you see], which illustrates \""Work completed successfully\"" because [explain the visual link].""
Answer: This image shows",This image shows a bulldozer and a dump truck,False,,This image shows a bulldozer and a dump truck,התמונה הזו מראה בולדוזר ומשאית זבל.,"מבין כל התמונות, בתמונה מספר2 אין דעה לגבי התוצאה. אם התוצאה היא הצלחה, רק תמונה מספר 2 וודאית. בכל תמונה אחרת ייתכן והמשימה הושלמה אך לא בהצלחה או שלא הושלמה כלל.",0.2328537404537201,23.29,multilingual semantic embedding cosine similarity,"Of all the images, picture number 2 has no opinion on the outcome. If the result is success, only picture number 2 is certain. In any other image the task may have been completed but not successfully or not completed at all.",0.3113872706890106,31.14,0.13761791586875916,13.76,0.8643,0.8214,0.8423,Salesforce/blip2-flan-t5-xl,sentence-transformers/paraphrase-multilingual-mpnet-base-v2,Helsinki-NLP/opus-mt-tc-big-he-en,Helsinki-NLP/opus-mt-en-he,cuda,2026-02-27T12:27:47
2_1_36,2,1,36,dataset/images/2_1.png,"הסבירו מדוע בחרתם בתמונה זו כמשקפת את המשפט ""ההחלטה התקבלה""","Explain why you chose this picture as reflecting the sentence ""The decision has been made""","You are a systems thinking expert analyzing an image.
Concept: ""The decision has been made""
Complete this sentence by filling in what you observe and why it connects to the concept:
""This image shows [what you see], which illustrates \""The decision has been made\"" because [explain the visual link].""
Answer: This image shows",This image shows a group of people sitting around a table,False,,This image shows a group of people sitting around a table,התמונה הזו מראה קבוצה של אנשים שיושבים סביב שולחן,בחרתי בתמונה הזאת כיוון שהיא מעידה על חשיבות השיח והדיון במיוחד בעבודה,0.5247340202331543,52.47,multilingual semantic embedding cosine similarity,I chose this picture because it indicates the importance of discourse and discussion especially at work.,0.3877224028110504,38.77,0.4732869267463684,47.33,0.8898,0.8827,0.8863,Salesforce/blip2-flan-t5-xl,sentence-transformers/paraphrase-multilingual-mpnet-base-v2,Helsinki-NLP/opus-mt-tc-big-he-en,Helsinki-NLP/opus-mt-en-he,cuda,2026-02-27T12:27:54
2_2_11,2,2,11,dataset/images/2_2.png,"הסבירו מדוע בחרתם בתמונה זו כמשקפת את המשפט ""ההחלטה התקבלה""","Explain why you chose this picture as reflecting the sentence ""The decision has been made""","You are a systems thinking expert analyzing an image.
Concept: ""The decision has been made""
Complete this sentence by filling in what you observe and why it connects to the concept:
""This image shows [what you see], which illustrates \""The decision has been made\"" because [explain the visual link].""
Answer: This image shows",This image shows a group of people clapping,False,,This image shows a group of people clapping,תמונה זו מראה קבוצת אנשים מוחאים כפיים,"כולם ביחד שמחים, לוחצים ידיים ומסכימים.",0.6081618666648865,60.82,multilingual semantic embedding cosine similarity,"Everyone together is happy, shaking hands and agreeing.",0.20909130573272705,20.91,0.7049537301063538,70.5,0.8679,0.8876,0.8776,Salesforce/blip2-flan-t5-xl,sentence-transformers/paraphrase-multilingual-mpnet-base-v2,Helsinki-NLP/opus-mt-tc-big-he-en,Helsinki-NLP/opus-mt-en-he,cuda,2026-02-27T12:27:59
2_2_13,2,2,13,dataset/images/2_2.png,"הסבירו מדוע בחרתם בתמונה זו כמשקפת את המשפט ""ההחלטה התקבלה""","Explain why you chose this picture as reflecting the sentence ""The decision has been made""","You are a systems thinking expert analyzing an image.
Concept: ""The decision has been made""
Complete this sentence by filling in what you observe and why it connects to the concept:
""This image shows [what you see], which illustrates \""The decision has been made\"" because [explain the visual link].""
Answer: This image shows",This image shows a group of people clapping,False,,This image shows a group of people clapping,תמונה זו מראה קבוצת אנשים מוחאים כפיים,כי הם קבוצה של אנשים שדנים ביחד ומגיעים ביחד להחלטה,0.624548077583313,62.45,multilingual semantic embedding cosine similarity,Because they're a group of people who discuss together and come together to decide,0.45778951048851013,45.78,0.25605741143226624,25.61,0.8789,0.8707,0.8748,Salesforce/blip2-flan-t5-xl,sentence-transformers/paraphrase-multilingual-mpnet-base-v2,Helsinki-NLP/opus-mt-tc-big-he-en,Helsinki-NLP/opus-mt-en-he,cuda,2026-02-27T12:28:03
2_2_14,2,2,14,dataset/images/2_2.png,"הסבירו מדוע בחרתם בתמונה זו כמשקפת את המשפט ""ההחלטה התקבלה""","Explain why you chose this picture as reflecting the sentence ""The decision has been made""","You are a systems thinking expert analyzing an image.
Concept: ""The decision has been made""
Complete this sentence by filling in what you observe and why it connects to the concept:
""This image shows [what you see], which illustrates \""The decision has been made\"" because [explain the visual link].""
Answer: This image shows",This image shows a group of people clapping,False,,This image shows a group of people clapping,תמונה זו מראה קבוצת אנשים מוחאים כפיים,רואים קבוצה מרוצה ומגובשת,0.6875499486923218,68.75,multilingual semantic embedding cosine similarity,We see a happy and united team.,0.41049841046333313,41.05,0.5999332666397095,59.99,0.8796,0.918,0.8984,Salesforce/blip2-flan-t5-xl,sentence-transformers/paraphrase-multilingual-mpnet-base-v2,Helsinki-NLP/opus-mt-tc-big-he-en,Helsinki-NLP/opus-mt-en-he,cuda,2026-02-27T12:28:08
2_2_15,2,2,15,dataset/images/2_2.png,"הסבירו מדוע בחרתם בתמונה זו כמשקפת את המשפט ""ההחלטה התקבלה""","Explain why you chose this picture as reflecting the sentence ""The decision has been made""","You are a systems thinking expert analyzing an image.
Concept: ""The decision has been made""
Complete this sentence by filling in what you observe and why it connects to the concept:
""This image shows [what you see], which illustrates \""The decision has been made\"" because [explain the visual link].""
Answer: This image shows",This image shows a group of people clapping,False,,This image shows a group of people clapping,תמונה זו מראה קבוצת אנשים מוחאים כפיים,כי כולם נראים מחייכים ומרוצים,0.47059738636016846,47.06,multilingual semantic embedding cosine similarity,Everyone looks happy and smiling.,0.32304614782333374,32.3,0.6014970541000366,60.15,0.879,0.9091,0.8938,Salesforce/blip2-flan-t5-xl,sentence-transformers/paraphrase-multilingual-mpnet-base-v2,Helsinki-NLP/opus-mt-tc-big-he-en,Helsinki-NLP/opus-mt-en-he,cuda,2026-02-27T12:28:12
2_2_17,2,2,17,dataset/images/2_2.png,"הסבירו מדוע בחרתם בתמונה זו כמשקפת את המשפט ""ההחלטה התקבלה""","Explain why you chose this picture as reflecting the sentence ""The decision has been made""","You are a systems thinking expert analyzing an image.
Concept: ""The decision has been made""
Complete this sentence by filling in what you observe and why it connects to the concept:
""This image shows [what you see], which illustrates \""The decision has been made\"" because [explain the visual link].""
Answer: This image shows",This image shows a group of people clapping,False,,This image shows a group of people clapping,תמונה זו מראה קבוצת אנשים מוחאים כפיים,שיש שותפות ביחד כצוות וההחלטה התקבלה כפה אחד וכולם נראים שמחים על כך.,0.4463152289390564,44.63,multilingual semantic embedding cosine similarity,That there was a partnership together as a team and the decision was made as one and everyone seems happy about it.,0.2549694776535034,25.5,0.4135891795158386,41.36,0.8604,0.8628,0.8616,Salesforce/blip2-flan-t5-xl,sentence-transformers/paraphrase-multilingual-mpnet-base-v2,Helsinki-NLP/opus-mt-tc-big-he-en,Helsinki-NLP/opus-mt-en-he,cuda,2026-02-27T12:28:16
2_2_18,2,2,18,dataset/images/2_2.png,"הסבירו מדוע בחרתם בתמונה זו כמשקפת את המשפט ""ההחלטה התקבלה""","Explain why you chose this picture as reflecting the sentence ""The decision has been made""","You are a systems thinking expert analyzing an image.
Concept: ""The decision has been made""
Complete this sentence by filling in what you observe and why it connects to the concept:
""This image shows [what you see], which illustrates \""The decision has been made\"" because [explain the visual link].""
Answer: This image shows",This image shows a group of people clapping,False,,This image shows a group of people clapping,תמונה זו מראה קבוצת אנשים מוחאים כפיים,בחרתי במספר 2 כי נראה שחברי הצוות מאגדים ידיים על מנת להכריז כי התבצעה החלטה וכולם מאשרים אותה,0.30863115191459656,30.86,multilingual semantic embedding cosine similarity,I chose number 2 because the crew members seem to be gathering their hands to announce that a decision has been made and everyone approves of it.,0.23900753259658813,23.9,0.41694626212120056,41.69,0.871,0.8607,0.8658,Salesforce/blip2-flan-t5-xl,sentence-transformers/paraphrase-multilingual-mpnet-base-v2,Helsinki-NLP/opus-mt-tc-big-he-en,Helsinki-NLP/opus-mt-en-he,cuda,2026-02-27T12:28:21
2_2_19,2,2,19,dataset/images/2_2.png,"הסבירו מדוע בחרתם בתמונה זו כמשקפת את המשפט ""ההחלטה התקבלה""","Explain why you chose this picture as reflecting the sentence ""The decision has been made""","You are a systems thinking expert analyzing an image.
Concept: ""The decision has been made""
Complete this sentence by filling in what you observe and why it connects to the concept:
""This image shows [what you see], which illustrates \""The decision has been made\"" because [explain the visual link].""
Answer: This image shows",This image shows a group of people clapping,False,,This image shows a group of people clapping,תמונה זו מראה קבוצת אנשים מוחאים כפיים,"בעיני החלטה טובה מתקבלת בשיתוף פעולה ובצוות שכולם יוצאים מרוצים וגם אם לא בהכרח נוגע בדעה של כולם, עדיין יוצאים שמחים מהדיון ומהדרך שהכל קרה.",0.40997910499572754,41.0,multilingual semantic embedding cosine similarity,"In my view, a good decision is made with the cooperation and team that everyone comes out happy and even if not necessarily touching everyone's opinion, still happy comes out of the discussion and the way it all happened.",0.24334558844566345,24.33,0.32394659519195557,32.39,0.8545,0.8226,0.8383,Salesforce/blip2-flan-t5-xl,sentence-transformers/paraphrase-multilingual-mpnet-base-v2,Helsinki-NLP/opus-mt-tc-big-he-en,Helsinki-NLP/opus-mt-en-he,cuda,2026-02-27T12:28:27
2_2_20,2,2,20,dataset/images/2_2.png,"הסבירו מדוע בחרתם בתמונה זו כמשקפת את המשפט ""ההחלטה התקבלה""","Explain why you chose this picture as reflecting the sentence ""The decision has been made""","You are a systems thinking expert analyzing an image.
Concept: ""The decision has been made""
Complete this sentence by filling in what you observe and why it connects to the concept:
""This image shows [what you see], which illustrates \""The decision has been made\"" because [explain the visual link].""
Answer: This image shows",This image shows a group of people clapping,False,,This image shows a group of people clapping,תמונה זו מראה קבוצת אנשים מוחאים כפיים,רואים שהקבוצה הגיעה להחלטה,0.53387451171875,53.39,multilingual semantic embedding cosine similarity,The team has come to a decision.,0.34028345346450806,34.03,0.21826736629009247,21.83,0.8715,0.9067,0.8888,Salesforce/blip2-flan-t5-xl,sentence-transformers/paraphrase-multilingual-mpnet-base-v2,Helsinki-NLP/opus-mt-tc-big-he-en,Helsinki-NLP/opus-mt-en-he,cuda,2026-02-27T12:28:33
2_2_21,2,2,21,dataset/images/2_2.png,"הסבירו מדוע בחרתם בתמונה זו כמשקפת את המשפט ""ההחלטה התקבלה""","Explain why you chose this picture as reflecting the sentence ""The decision has been made""","You are a systems thinking expert analyzing an image.
Concept: ""The decision has been made""
Complete this sentence by filling in what you observe and why it connects to the concept:
""This image shows [what you see], which illustrates \""The decision has been made\"" because [explain the visual link].""
Answer: This image shows",This image shows a group of people clapping,False,,This image shows a group of people clapping,תמונה זו מראה קבוצת אנשים מוחאים כפיים,נראה שהם בידוק מסכמים את הדברים,0.4489023983478546,44.89,multilingual semantic embedding cosine similarity,Looks like they're finalizing things.,0.3021460771560669,30.21,0.23272041976451874,23.27,0.8641,0.8881,0.8759,Salesforce/blip2-flan-t5-xl,sentence-transformers/paraphrase-multilingual-mpnet-base-v2,Helsinki-NLP/opus-mt-tc-big-he-en,Helsinki-NLP/opus-mt-en-he,cuda,2026-02-27T12:28:37
2_2_22,2,2,22,dataset/images/2_2.png,"הסבירו מדוע בחרתם בתמונה זו כמשקפת את המשפט ""ההחלטה התקבלה""","Explain why you chose this picture as reflecting the sentence ""The decision has been made""","You are a systems thinking expert analyzing an image.
Concept: ""The decision has been made""
Complete this sentence by filling in what you observe and why it connects to the concept:
""This image shows [what you see], which illustrates \""The decision has been made\"" because [explain the visual link].""
Answer: This image shows",This image shows a group of people clapping,False,,This image shows a group of people clapping,תמונה זו מראה קבוצת אנשים מוחאים כפיים,"בחרתי באופציה זו כי מרגיש לי שהאיחוד ידיים שכל חברי הקבוצה מושיטים מעידים על עידוד ""יציאה לדרך"" החלטה שהתקבלה",0.2975958287715912,29.76,multilingual semantic embedding cosine similarity,"I chose this option because it feels to me that the unity of hands that all the members of the group extend attests to the encouragement of a ""go-away"" decision that was made",0.28785693645477295,28.79,0.3049714267253876,30.5,0.8743,0.839,0.8563,Salesforce/blip2-flan-t5-xl,sentence-transformers/paraphrase-multilingual-mpnet-base-v2,Helsinki-NLP/opus-mt-tc-big-he-en,Helsinki-NLP/opus-mt-en-he,cuda,2026-02-27T12:28:41
2_2_23,2,2,23,dataset/images/2_2.png,"הסבירו מדוע בחרתם בתמונה זו כמשקפת את המשפט ""ההחלטה התקבלה""","Explain why you chose this picture as reflecting the sentence ""The decision has been made""","You are a systems thinking expert analyzing an image.
Concept: ""The decision has been made""
Complete this sentence by filling in what you observe and why it connects to the concept:
""This image shows [what you see], which illustrates \""The decision has been made\"" because [explain the visual link].""
Answer: This image shows",This image shows a group of people clapping,False,,This image shows a group of people clapping,תמונה זו מראה קבוצת אנשים מוחאים כפיים,בגלל שכולם לוחצים ידיים מה שנותן קונוטציה של הסכמה של כול חברי הקבוצה,0.4252675175666809,42.53,multilingual semantic embedding cosine similarity,Because everyone shakes hands which gives a connotation of agreement of all members of the group,0.28822118043899536,28.82,0.5944435596466064,59.44,0.8826,0.8746,0.8785,Salesforce/blip2-flan-t5-xl,sentence-transformers/paraphrase-multilingual-mpnet-base-v2,Helsinki-NLP/opus-mt-tc-big-he-en,Helsinki-NLP/opus-mt-en-he,cuda,2026-02-27T12:28:47
2_2_24,2,2,24,dataset/images/2_2.png,"הסבירו מדוע בחרתם בתמונה זו כמשקפת את המשפט ""ההחלטה התקבלה""","Explain why you chose this picture as reflecting the sentence ""The decision has been made""","You are a systems thinking expert analyzing an image.
Concept: ""The decision has been made""
Complete this sentence by filling in what you observe and why it connects to the concept:
""This image shows [what you see], which illustrates \""The decision has been made\"" because [explain the visual link].""
Answer: This image shows",This image shows a group of people clapping,False,,This image shows a group of people clapping,תמונה זו מראה קבוצת אנשים מוחאים כפיים,נראה שכולם מחויכים ולחצו ידיים להסכמה,0.45691680908203125,45.69,multilingual semantic embedding cosine similarity,Everyone seems to be smiling and shaking hands to agree.,0.2720566987991333,27.21,0.6563234329223633,65.63,0.8806,0.8828,0.8817,Salesforce/blip2-flan-t5-xl,sentence-transformers/paraphrase-multilingual-mpnet-base-v2,Helsinki-NLP/opus-mt-tc-big-he-en,Helsinki-NLP/opus-mt-en-he,cuda,2026-02-27T12:28:51
2_2_25,2,2,25,dataset/images/2_2.png,"הסבירו מדוע בחרתם בתמונה זו כמשקפת את המשפט ""ההחלטה התקבלה""","Explain why you chose this picture as reflecting the sentence ""The decision has been made""","You are a systems thinking expert analyzing an image.
Concept: ""The decision has been made""
Complete this sentence by filling in what you observe and why it connects to the concept:
""This image shows [what you see], which illustrates \""The decision has been made\"" because [explain the visual link].""
Answer: This image shows",This image shows a group of people clapping,False,,This image shows a group of people clapping,תמונה זו מראה קבוצת אנשים מוחאים כפיים,הם נראים שמחים ולכן זה נראה שהם הגיעו להסכמה,0.47700873017311096,47.7,multilingual semantic embedding cosine similarity,They seem happy and so it seems they have reached an agreement,0.3200221061706543,32.0,0.36709126830101013,36.71,0.8639,0.8681,0.866,Salesforce/blip2-flan-t5-xl,sentence-transformers/paraphrase-multilingual-mpnet-base-v2,Helsinki-NLP/opus-mt-tc-big-he-en,Helsinki-NLP/opus-mt-en-he,cuda,2026-02-27T12:28:56
2_2_27,2,2,27,dataset/images/2_2.png,"הסבירו מדוע בחרתם בתמונה זו כמשקפת את המשפט ""ההחלטה התקבלה""","Explain why you chose this picture as reflecting the sentence ""The decision has been made""","You are a systems thinking expert analyzing an image.
Concept: ""The decision has been made""
Complete this sentence by filling in what you observe and why it connects to the concept:
""This image shows [what you see], which illustrates \""The decision has been made\"" because [explain the visual link].""
Answer: This image shows",This image shows a group of people clapping,False,,This image shows a group of people clapping,תמונה זו מראה קבוצת אנשים מוחאים כפיים,כי בתמונה שבחרתי כולם לוחצים ידיים כך שהם הסכימו,0.5583369731903076,55.83,multilingual semantic embedding cosine similarity,"Because in the picture I've chosen, everyone shakes hands so they've agreed.",0.3730055093765259,37.3,0.5942977666854858,59.43,0.8866,0.8734,0.88,Salesforce/blip2-flan-t5-xl,sentence-transformers/paraphrase-multilingual-mpnet-base-v2,Helsinki-NLP/opus-mt-tc-big-he-en,Helsinki-NLP/opus-mt-en-he,cuda,2026-02-27T12:29:00
2_2_29,2,2,29,dataset/images/2_2.png,"הסבירו מדוע בחרתם בתמונה זו כמשקפת את המשפט ""ההחלטה התקבלה""","Explain why you chose this picture as reflecting the sentence ""The decision has been made""","You are a systems thinking expert analyzing an image.
Concept: ""The decision has been made""
Complete this sentence by filling in what you observe and why it connects to the concept:
""This image shows [what you see], which illustrates \""The decision has been made\"" because [explain the visual link].""
Answer: This image shows",This image shows a group of people clapping,False,,This image shows a group of people clapping,תמונה זו מראה קבוצת אנשים מוחאים כפיים,זה מראה את התמונת שלנו בבית חולים שאנחנו עוסים חשיבה קבוצתי ומגעים להסכמה ביחד,0.48798489570617676,48.8,multilingual semantic embedding cosine similarity,It shows our picture in a hospital that we massage group thinking and touch consensus together.,0.599158525466919,59.92,0.4368698000907898,43.69,0.8797,0.8535,0.8664,Salesforce/blip2-flan-t5-xl,sentence-transformers/paraphrase-multilingual-mpnet-base-v2,Helsinki-NLP/opus-mt-tc-big-he-en,Helsinki-NLP/opus-mt-en-he,cuda,2026-02-27T12:29:05
2_2_32,2,2,32,dataset/images/2_2.png,"הסבירו מדוע בחרתם בתמונה זו כמשקפת את המשפט ""ההחלטה התקבלה""","Explain why you chose this picture as reflecting the sentence ""The decision has been made""","You are a systems thinking expert analyzing an image.
Concept: ""The decision has been made""
Complete this sentence by filling in what you observe and why it connects to the concept:
""This image shows [what you see], which illustrates \""The decision has been made\"" because [explain the visual link].""
Answer: This image shows",This image shows a group of people clapping,False,,This image shows a group of people clapping,תמונה זו מראה קבוצת אנשים מוחאים כפיים,נראה כי כולם נמצאים בהסכמה על משהו מסוים,0.4169502258300781,41.7,multilingual semantic embedding cosine similarity,Everyone seems to be in agreement on something specific.,0.25178298354148865,25.18,0.3299790918827057,33.0,0.8763,0.9039,0.8899,Salesforce/blip2-flan-t5-xl,sentence-transformers/paraphrase-multilingual-mpnet-base-v2,Helsinki-NLP/opus-mt-tc-big-he-en,Helsinki-NLP/opus-mt-en-he,cuda,2026-02-27T12:29:10
2_2_35,2,2,35,dataset/images/2_2.png,"הסבירו מדוע בחרתם בתמונה זו כמשקפת את המשפט ""ההחלטה התקבלה""","Explain why you chose this picture as reflecting the sentence ""The decision has been made""","You are a systems thinking expert analyzing an image.
Concept: ""The decision has been made""
Complete this sentence by filling in what you observe and why it connects to the concept:
""This image shows [what you see], which illustrates \""The decision has been made\"" because [explain the visual link].""
Answer: This image shows",This image shows a group of people clapping,False,,This image shows a group of people clapping,תמונה זו מראה קבוצת אנשים מוחאים כפיים,יש עבודת צוות והחלטה פה אחד,0.4429699182510376,44.3,multilingual semantic embedding cosine similarity,There is team work and unanimous decision,0.27403536438941956,27.4,0.2754461169242859,27.54,0.862,0.8647,0.8633,Salesforce/blip2-flan-t5-xl,sentence-transformers/paraphrase-multilingual-mpnet-base-v2,Helsinki-NLP/opus-mt-tc-big-he-en,Helsinki-NLP/opus-mt-en-he,cuda,2026-02-27T12:29:14
2_2_37,2,2,37,dataset/images/2_2.png,"הסבירו מדוע בחרתם בתמונה זו כמשקפת את המשפט ""ההחלטה התקבלה""","Explain why you chose this picture as reflecting the sentence ""The decision has been made""","You are a systems thinking expert analyzing an image.
Concept: ""The decision has been made""
Complete this sentence by filling in what you observe and why it connects to the concept:
""This image shows [what you see], which illustrates \""The decision has been made\"" because [explain the visual link].""
Answer: This image shows",This image shows a group of people clapping,False,,This image shows a group of people clapping,תמונה זו מראה קבוצת אנשים מוחאים כפיים,נראה שכולם מסכימים יחד.,0.3752084970474243,37.52,multilingual semantic embedding cosine similarity,Everyone seems to agree together.,0.24706555902957916,24.71,0.38865795731544495,38.87,0.8767,0.9109,0.8935,Salesforce/blip2-flan-t5-xl,sentence-transformers/paraphrase-multilingual-mpnet-base-v2,Helsinki-NLP/opus-mt-tc-big-he-en,Helsinki-NLP/opus-mt-en-he,cuda,2026-02-27T12:29:19
2_2_41,2,2,41,dataset/images/2_2.png,"הסבירו מדוע בחרתם בתמונה זו כמשקפת את המשפט ""ההחלטה התקבלה""","Explain why you chose this picture as reflecting the sentence ""The decision has been made""","You are a systems thinking expert analyzing an image.
Concept: ""The decision has been made""
Complete this sentence by filling in what you observe and why it connects to the concept:
""This image shows [what you see], which illustrates \""The decision has been made\"" because [explain the visual link].""
Answer: This image shows",This image shows a group of people clapping,False,,This image shows a group of people clapping,תמונה זו מראה קבוצת אנשים מוחאים כפיים,נראה שכולם מסכימים משום שהם לוחצים ידיים,0.4078858494758606,40.79,multilingual semantic embedding cosine similarity,Everyone seems to agree because they shake hands.,0.3123193681240082,31.23,0.5394964814186096,53.95,0.8729,0.892,0.8824,Salesforce/blip2-flan-t5-xl,sentence-transformers/paraphrase-multilingual-mpnet-base-v2,Helsinki-NLP/opus-mt-tc-big-he-en,Helsinki-NLP/opus-mt-en-he,cuda,2026-02-27T12:29:23
2_2_42,2,2,42,dataset/images/2_2.png,"הסבירו מדוע בחרתם בתמונה זו כמשקפת את המשפט ""ההחלטה התקבלה""","Explain why you chose this picture as reflecting the sentence ""The decision has been made""","You are a systems thinking expert analyzing an image.
Concept: ""The decision has been made""
Complete this sentence by filling in what you observe and why it connects to the concept:
""This image shows [what you see], which illustrates \""The decision has been made\"" because [explain the visual link].""
Answer: This image shows",This image shows a group of people clapping,False,,This image shows a group of people clapping,תמונה זו מראה קבוצת אנשים מוחאים כפיים,כי הם שמחים ונראים מסופקים והחלטיים,0.535991370677948,53.6,multilingual semantic embedding cosine similarity,For they are happy and seem content and decisive,0.2436423897743225,24.36,0.3163084089756012,31.63,0.8383,0.8225,0.8303,Salesforce/blip2-flan-t5-xl,sentence-transformers/paraphrase-multilingual-mpnet-base-v2,Helsinki-NLP/opus-mt-tc-big-he-en,Helsinki-NLP/opus-mt-en-he,cuda,2026-02-27T12:29:27
2_2_44,2,2,44,dataset/images/2_2.png,"הסבירו מדוע בחרתם בתמונה זו כמשקפת את המשפט ""ההחלטה התקבלה""","Explain why you chose this picture as reflecting the sentence ""The decision has been made""","You are a systems thinking expert analyzing an image.
Concept: ""The decision has been made""
Complete this sentence by filling in what you observe and why it connects to the concept:
""This image shows [what you see], which illustrates \""The decision has been made\"" because [explain the visual link].""
Answer: This image shows",This image shows a group of people clapping,False,,This image shows a group of people clapping,תמונה זו מראה קבוצת אנשים מוחאים כפיים,אני חושבת שזה מייצג את קבלת ההחלטה על ידי כמה אנשים ולא שאחד מחליט עבור כולם.,0.29078787565231323,29.08,multilingual semantic embedding cosine similarity,I think it represents the decision making by some people rather than one making for everyone.,0.36088091135025024,36.09,0.0749068483710289,7.49,0.8745,0.8676,0.871,Salesforce/blip2-flan-t5-xl,sentence-transformers/paraphrase-multilingual-mpnet-base-v2,Helsinki-NLP/opus-mt-tc-big-he-en,Helsinki-NLP/opus-mt-en-he,cuda,2026-02-27T12:29:32
2_2_46,2,2,46,dataset/images/2_2.png,"הסבירו מדוע בחרתם בתמונה זו כמשקפת את המשפט ""ההחלטה התקבלה""","Explain why you chose this picture as reflecting the sentence ""The decision has been made""","You are a systems thinking expert analyzing an image.
Concept: ""The decision has been made""
Complete this sentence by filling in what you observe and why it connects to the concept:
""This image shows [what you see], which illustrates \""The decision has been made\"" because [explain the visual link].""
Answer: This image shows",This image shows a group of people clapping,False,,This image shows a group of people clapping,תמונה זו מראה קבוצת אנשים מוחאים כפיים,נראית כמו קבוצת אנשים אשר נראים שמחים ומסכימים יחד על אותו נושא בלחיצת יד משותפת.,0.7148751616477966,71.49,multilingual semantic embedding cosine similarity,You look like a group of people who look happy and agree together on the same subject with a common handshake.,0.47108110785484314,47.11,0.6303374767303467,63.03,0.8863,0.8693,0.8777,Salesforce/blip2-flan-t5-xl,sentence-transformers/paraphrase-multilingual-mpnet-base-v2,Helsinki-NLP/opus-mt-tc-big-he-en,Helsinki-NLP/opus-mt-en-he,cuda,2026-02-27T12:29:36
2_2_48,2,2,48,dataset/images/2_2.png,"הסבירו מדוע בחרתם בתמונה זו כמשקפת את המשפט ""ההחלטה התקבלה""","Explain why you chose this picture as reflecting the sentence ""The decision has been made""","You are a systems thinking expert analyzing an image.
Concept: ""The decision has been made""
Complete this sentence by filling in what you observe and why it connects to the concept:
""This image shows [what you see], which illustrates \""The decision has been made\"" because [explain the visual link].""
Answer: This image shows",This image shows a group of people clapping,False,,This image shows a group of people clapping,תמונה זו מראה קבוצת אנשים מוחאים כפיים,"נראה שהעובדים מרוצים לאחר הגעה לפתרון, שילוב הידיים קורה בדרכ בסיום תהליך",0.4090198278427124,40.9,multilingual semantic embedding cosine similarity,"Employees seem to be satisfied after reaching a solution, combining the hands happens usually at the end of a process",0.1972254514694214,19.72,0.3526102900505066,35.26,0.8681,0.8519,0.8599,Salesforce/blip2-flan-t5-xl,sentence-transformers/paraphrase-multilingual-mpnet-base-v2,Helsinki-NLP/opus-mt-tc-big-he-en,Helsinki-NLP/opus-mt-en-he,cuda,2026-02-27T12:29:41
2_2_49,2,2,49,dataset/images/2_2.png,"הסבירו מדוע בחרתם בתמונה זו כמשקפת את המשפט ""ההחלטה התקבלה""","Explain why you chose this picture as reflecting the sentence ""The decision has been made""","You are a systems thinking expert analyzing an image.
Concept: ""The decision has been made""
Complete this sentence by filling in what you observe and why it connects to the concept:
""This image shows [what you see], which illustrates \""The decision has been made\"" because [explain the visual link].""
Answer: This image shows",This image shows a group of people clapping,False,,This image shows a group of people clapping,תמונה זו מראה קבוצת אנשים מוחאים כפיים,נראה שהצוות הגיע להחלטה משותפת ושמח לכבוד זה,0.43188536167144775,43.19,multilingual semantic embedding cosine similarity,The team seems to have come to a joint and happy decision in honor of this.,0.36363428831100464,36.36,0.4302369952201843,43.02,0.8678,0.8657,0.8668,Salesforce/blip2-flan-t5-xl,sentence-transformers/paraphrase-multilingual-mpnet-base-v2,Helsinki-NLP/opus-mt-tc-big-he-en,Helsinki-NLP/opus-mt-en-he,cuda,2026-02-27T12:29:46
2_2_50,2,2,50,dataset/images/2_2.png,"הסבירו מדוע בחרתם בתמונה זו כמשקפת את המשפט ""ההחלטה התקבלה""","Explain why you chose this picture as reflecting the sentence ""The decision has been made""","You are a systems thinking expert analyzing an image.
Concept: ""The decision has been made""
Complete this sentence by filling in what you observe and why it connects to the concept:
""This image shows [what you see], which illustrates \""The decision has been made\"" because [explain the visual link].""
Answer: This image shows",This image shows a group of people clapping,False,,This image shows a group of people clapping,תמונה זו מראה קבוצת אנשים מוחאים כפיים,נראה שהכל הסכים על מה שמודבר ויתחילו לעבוד,0.37941235303878784,37.94,multilingual semantic embedding cosine similarity,Everything seems to have agreed on what's being talked about and will start working.,0.15444844961166382,15.44,0.18761959671974182,18.76,0.8636,0.8622,0.8629,Salesforce/blip2-flan-t5-xl,sentence-transformers/paraphrase-multilingual-mpnet-base-v2,Helsinki-NLP/opus-mt-tc-big-he-en,Helsinki-NLP/opus-mt-en-he,cuda,2026-02-27T12:29:51
2_2_52,2,2,52,dataset/images/2_2.png,"הסבירו מדוע בחרתם בתמונה זו כמשקפת את המשפט ""ההחלטה התקבלה""","Explain why you chose this picture as reflecting the sentence ""The decision has been made""","You are a systems thinking expert analyzing an image.
Concept: ""The decision has been made""
Complete this sentence by filling in what you observe and why it connects to the concept:
""This image shows [what you see], which illustrates \""The decision has been made\"" because [explain the visual link].""
Answer: This image shows",This image shows a group of people clapping,False,,This image shows a group of people clapping,תמונה זו מראה קבוצת אנשים מוחאים כפיים,נראה שהאנשים ישבו בדיון במשך זמן מה ואז בחרו מה הם הולכים לעשות ועושים מן כיף משותף כהצלחה משותפת בהמשך עם ההחלטה שלהם,0.34919342398643494,34.92,multilingual semantic embedding cosine similarity,The people seemed to sit in the debate for a while and then choose what they were going to do and do from having fun together as a shared success further along with their decision,0.1889592707157135,18.9,0.24021446704864502,24.02,0.8755,0.8265,0.8503,Salesforce/blip2-flan-t5-xl,sentence-transformers/paraphrase-multilingual-mpnet-base-v2,Helsinki-NLP/opus-mt-tc-big-he-en,Helsinki-NLP/opus-mt-en-he,cuda,2026-02-27T12:29:57
2_2_53,2,2,53,dataset/images/2_2.png,"הסבירו מדוע בחרתם בתמונה זו כמשקפת את המשפט ""ההחלטה התקבלה""","Explain why you chose this picture as reflecting the sentence ""The decision has been made""","You are a systems thinking expert analyzing an image.
Concept: ""The decision has been made""
Complete this sentence by filling in what you observe and why it connects to the concept:
""This image shows [what you see], which illustrates \""The decision has been made\"" because [explain the visual link].""
Answer: This image shows",This image shows a group of people clapping,False,,This image shows a group of people clapping,תמונה זו מראה קבוצת אנשים מוחאים כפיים,בכל שאר התמונות מסתמן שקיימת התלבטות.,0.4392712712287903,43.93,multilingual semantic embedding cosine similarity,"In all the other pictures, there seems to be a dilemma.",0.22485676407814026,22.49,0.16448016464710236,16.45,0.8811,0.889,0.885,Salesforce/blip2-flan-t5-xl,sentence-transformers/paraphrase-multilingual-mpnet-base-v2,Helsinki-NLP/opus-mt-tc-big-he-en,Helsinki-NLP/opus-mt-en-he,cuda,2026-02-27T12:30:03
2_2_54,2,2,54,dataset/images/2_2.png,"הסבירו מדוע בחרתם בתמונה זו כמשקפת את המשפט ""ההחלטה התקבלה""","Explain why you chose this picture as reflecting the sentence ""The decision has been made""","You are a systems thinking expert analyzing an image.
Concept: ""The decision has been made""
Complete this sentence by filling in what you observe and why it connects to the concept:
""This image shows [what you see], which illustrates \""The decision has been made\"" because [explain the visual link].""
Answer: This image shows",This image shows a group of people clapping,False,,This image shows a group of people clapping,תמונה זו מראה קבוצת אנשים מוחאים כפיים,מוחאים כפיים ומשלבים ידיים כיציאה לדרך,0.6155972480773926,61.56,multilingual semantic embedding cosine similarity,Clap your hands and join hands as you set off.,0.27424848079681396,27.42,0.5314275622367859,53.14,0.8809,0.8822,0.8816,Salesforce/blip2-flan-t5-xl,sentence-transformers/paraphrase-multilingual-mpnet-base-v2,Helsinki-NLP/opus-mt-tc-big-he-en,Helsinki-NLP/opus-mt-en-he,cuda,2026-02-27T12:30:08
2_2_57,2,2,57,dataset/images/2_2.png,"הסבירו מדוע בחרתם בתמונה זו כמשקפת את המשפט ""ההחלטה התקבלה""","Explain why you chose this picture as reflecting the sentence ""The decision has been made""","You are a systems thinking expert analyzing an image.
Concept: ""The decision has been made""
Complete this sentence by filling in what you observe and why it connects to the concept:
""This image shows [what you see], which illustrates \""The decision has been made\"" because [explain the visual link].""
Answer: This image shows",This image shows a group of people clapping,False,,This image shows a group of people clapping,תמונה זו מראה קבוצת אנשים מוחאים כפיים,סימן היידים מעיד שסיימו השאר נראים שעדין חושבים,0.46078699827194214,46.08,multilingual semantic embedding cosine similarity,The hand sign indicates that the rest of them seem to still be thinking,0.2773784399032593,27.74,0.4241659641265869,42.42,0.8887,0.8809,0.8848,Salesforce/blip2-flan-t5-xl,sentence-transformers/paraphrase-multilingual-mpnet-base-v2,Helsinki-NLP/opus-mt-tc-big-he-en,Helsinki-NLP/opus-mt-en-he,cuda,2026-02-27T12:30:13
2_2_58,2,2,58,dataset/images/2_2.png,"הסבירו מדוע בחרתם בתמונה זו כמשקפת את המשפט ""ההחלטה התקבלה""","Explain why you chose this picture as reflecting the sentence ""The decision has been made""","You are a systems thinking expert analyzing an image.
Concept: ""The decision has been made""
Complete this sentence by filling in what you observe and why it connects to the concept:
""This image shows [what you see], which illustrates \""The decision has been made\"" because [explain the visual link].""
Answer: This image shows",This image shows a group of people clapping,False,,This image shows a group of people clapping,תמונה זו מראה קבוצת אנשים מוחאים כפיים,כי נוכל לראות בתמונה הזו שכל הצוות מסכים ושמח והתנועה עם הידיים שהצוות עושה בתמונה מעידה על הסכם מסוים.,0.6397579312324524,63.98,multilingual semantic embedding cosine similarity,Because we can see in this picture that the whole team agrees and rejoices and the movement with the hands that the team makes in the picture indicates a certain agreement.,0.46478140354156494,46.48,0.6894984841346741,68.95,0.8935,0.8626,0.8778,Salesforce/blip2-flan-t5-xl,sentence-transformers/paraphrase-multilingual-mpnet-base-v2,Helsinki-NLP/opus-mt-tc-big-he-en,Helsinki-NLP/opus-mt-en-he,cuda,2026-02-27T12:30:18
2_2_59,2,2,59,dataset/images/2_2.png,"הסבירו מדוע בחרתם בתמונה זו כמשקפת את המשפט ""ההחלטה התקבלה""","Explain why you chose this picture as reflecting the sentence ""The decision has been made""","You are a systems thinking expert analyzing an image.
Concept: ""The decision has been made""
Complete this sentence by filling in what you observe and why it connects to the concept:
""This image shows [what you see], which illustrates \""The decision has been made\"" because [explain the visual link].""
Answer: This image shows",This image shows a group of people clapping,False,,This image shows a group of people clapping,תמונה זו מראה קבוצת אנשים מוחאים כפיים,"בחרתי בתמונה בה כל חברי הצוות מחזיקים ידיים או מוחאים כפיים, מהסיבה שפעולות אלו מביעות בעיני מעין סיכום של הפגישה. נראה כי הם שמחים שהצליחו להגיע להחלטה משותפת.",0.6201654076576233,62.02,multilingual semantic embedding cosine similarity,"I chose a picture where all the team members are holding hands or clapping, for the reason that these actions express to me a sort of summary of the meeting. They seem happy to have made a joint decision.",0.379772812128067,37.98,0.689020037651062,68.9,0.9032,0.8617,0.882,Salesforce/blip2-flan-t5-xl,sentence-transformers/paraphrase-multilingual-mpnet-base-v2,Helsinki-NLP/opus-mt-tc-big-he-en,Helsinki-NLP/opus-mt-en-he,cuda,2026-02-27T12:30:24
2_2_60,2,2,60,dataset/images/2_2.png,"הסבירו מדוע בחרתם בתמונה זו כמשקפת את המשפט ""ההחלטה התקבלה""","Explain why you chose this picture as reflecting the sentence ""The decision has been made""","You are a systems thinking expert analyzing an image.
Concept: ""The decision has been made""
Complete this sentence by filling in what you observe and why it connects to the concept:
""This image shows [what you see], which illustrates \""The decision has been made\"" because [explain the visual link].""
Answer: This image shows",This image shows a group of people clapping,False,,This image shows a group of people clapping,תמונה זו מראה קבוצת אנשים מוחאים כפיים,"בתמונה הראשונה עוד יש דיון, ברביעית נראה שהוא בתוך התהליך אז חשבתי או 2 או 3 והלכתי על בחירה של צוות ולא על החלטת יחיד..",0.434257835149765,43.43,multilingual semantic embedding cosine similarity,"In the first picture there is still discussion, in the fourth it seems that he is in the process so I thought either 2 or 3 and went for a choice of team and not a single decision..",0.3160991072654724,31.61,0.11948615312576294,11.95,0.8681,0.8342,0.8508,Salesforce/blip2-flan-t5-xl,sentence-transformers/paraphrase-multilingual-mpnet-base-v2,Helsinki-NLP/opus-mt-tc-big-he-en,Helsinki-NLP/opus-mt-en-he,cuda,2026-02-27T12:30:30
2_2_61,2,2,61,dataset/images/2_2.png,"הסבירו מדוע בחרתם בתמונה זו כמשקפת את המשפט ""ההחלטה התקבלה""","Explain why you chose this picture as reflecting the sentence ""The decision has been made""","You are a systems thinking expert analyzing an image.
Concept: ""The decision has been made""
Complete this sentence by filling in what you observe and why it connects to the concept:
""This image shows [what you see], which illustrates \""The decision has been made\"" because [explain the visual link].""
Answer: This image shows",This image shows a group of people clapping,False,,This image shows a group of people clapping,תמונה זו מראה קבוצת אנשים מוחאים כפיים,מכיוון שכל האנשים בתמונה הסכימו על משהו והם נורא שמחים בנוגע לזה.,0.4846189022064209,48.46,multilingual semantic embedding cosine similarity,Because all the people in the picture have agreed on something and they're very happy about it.,0.22882094979286194,22.88,0.6305878162384033,63.06,0.8837,0.8774,0.8805,Salesforce/blip2-flan-t5-xl,sentence-transformers/paraphrase-multilingual-mpnet-base-v2,Helsinki-NLP/opus-mt-tc-big-he-en,Helsinki-NLP/opus-mt-en-he,cuda,2026-02-27T12:30:36
2_2_62,2,2,62,dataset/images/2_2.png,"הסבירו מדוע בחרתם בתמונה זו כמשקפת את המשפט ""ההחלטה התקבלה""","Explain why you chose this picture as reflecting the sentence ""The decision has been made""","You are a systems thinking expert analyzing an image.
Concept: ""The decision has been made""
Complete this sentence by filling in what you observe and why it connects to the concept:
""This image shows [what you see], which illustrates \""The decision has been made\"" because [explain the visual link].""
Answer: This image shows",This image shows a group of people clapping,False,,This image shows a group of people clapping,תמונה זו מראה קבוצת אנשים מוחאים כפיים,בכל שאר התמונות נראה כי ההחלטה עוד לא התקבלה,0.3875327706336975,38.75,multilingual semantic embedding cosine similarity,"In all the other pictures, it seems that the decision has not yet been made.",0.2599372863769531,25.99,0.13443607091903687,13.44,0.8797,0.881,0.8804,Salesforce/blip2-flan-t5-xl,sentence-transformers/paraphrase-multilingual-mpnet-base-v2,Helsinki-NLP/opus-mt-tc-big-he-en,Helsinki-NLP/opus-mt-en-he,cuda,2026-02-27T12:30:42
2_2_63,2,2,63,dataset/images/2_2.png,"הסבירו מדוע בחרתם בתמונה זו כמשקפת את המשפט ""ההחלטה התקבלה""","Explain why you chose this picture as reflecting the sentence ""The decision has been made""","You are a systems thinking expert analyzing an image.
Concept: ""The decision has been made""
Complete this sentence by filling in what you observe and why it connects to the concept:
""This image shows [what you see], which illustrates \""The decision has been made\"" because [explain the visual link].""
Answer: This image shows",This image shows a group of people clapping,False,,This image shows a group of people clapping,תמונה זו מראה קבוצת אנשים מוחאים כפיים,בתמונה 2 האדם תורם לסביבה ובכך משפיע עליה.,0.21202507615089417,21.2,multilingual semantic embedding cosine similarity,"In Figure 2, the person contributes to the environment and thus influences it.",0.2954197824001312,29.54,0.021512873470783234,2.15,0.8738,0.8745,0.8741,Salesforce/blip2-flan-t5-xl,sentence-transformers/paraphrase-multilingual-mpnet-base-v2,Helsinki-NLP/opus-mt-tc-big-he-en,Helsinki-NLP/opus-mt-en-he,cuda,2026-02-27T12:30:48
2_2_8,2,2,8,dataset/images/2_2.png,"הסבירו מדוע בחרתם בתמונה זו כמשקפת את המשפט ""ההחלטה התקבלה""","Explain why you chose this picture as reflecting the sentence ""The decision has been made""","You are a systems thinking expert analyzing an image.
Concept: ""The decision has been made""
Complete this sentence by filling in what you observe and why it connects to the concept:
""This image shows [what you see], which illustrates \""The decision has been made\"" because [explain the visual link].""
Answer: This image shows",This image shows a group of people clapping,False,,This image shows a group of people clapping,תמונה זו מראה קבוצת אנשים מוחאים כפיים,נראה החלטה משותפת,0.32399827241897583,32.4,multilingual semantic embedding cosine similarity,Seems to be a joint decision,0.2632714807987213,26.33,0.1525629162788391,15.26,0.8721,0.8961,0.8839,Salesforce/blip2-flan-t5-xl,sentence-transformers/paraphrase-multilingual-mpnet-base-v2,Helsinki-NLP/opus-mt-tc-big-he-en,Helsinki-NLP/opus-mt-en-he,cuda,2026-02-27T12:30:53
3_1_14,3,1,14,dataset/images/3_1.png,"הסבירו מדוע בחרתם בתמונה זו כמשקפת את המשפט "" הילד למד שיעור חשוב  ""","Explain why you chose this picture as reflecting the sentence ""The child has learned an important lesson""","You are a systems thinking expert analyzing an image.
Concept: ""The child has learned an important lesson""
Complete this sentence by filling in what you observe and why it connects to the concept:
""This image shows [what you see], which illustrates \""The child has learned an important lesson\"" because [explain the visual link].""
Answer: This image shows",This image shows a group of children working together,False,,This image shows a group of children working together,תמונה זו מראה קבוצה של ילדים עובדים יחד,שיעור בעבודת צוות ושיתוף פעולה,0.4400937259197235,44.01,multilingual semantic embedding cosine similarity,A Lesson in Teamwork and Collaboration,0.4060937762260437,40.61,0.49791431427001953,49.79,0.8645,0.8542,0.8593,Salesforce/blip2-flan-t5-xl,sentence-transformers/paraphrase-multilingual-mpnet-base-v2,Helsinki-NLP/opus-mt-tc-big-he-en,Helsinki-NLP/opus-mt-en-he,cuda,2026-02-27T12:30:58
3_1_15,3,1,15,dataset/images/3_1.png,"הסבירו מדוע בחרתם בתמונה זו כמשקפת את המשפט "" הילד למד שיעור חשוב  ""","Explain why you chose this picture as reflecting the sentence ""The child has learned an important lesson""","You are a systems thinking expert analyzing an image.
Concept: ""The child has learned an important lesson""
Complete this sentence by filling in what you observe and why it connects to the concept:
""This image shows [what you see], which illustrates \""The child has learned an important lesson\"" because [explain the visual link].""
Answer: This image shows",This image shows a group of children working together,False,,This image shows a group of children working together,תמונה זו מראה קבוצה של ילדים עובדים יחד,שהוא הביא חברים לאחר בבית,0.28900426626205444,28.9,multilingual semantic embedding cosine similarity,That he brought friends after home,0.3334236741065979,33.34,0.026907097548246384,2.69,0.863,0.8331,0.8478,Salesforce/blip2-flan-t5-xl,sentence-transformers/paraphrase-multilingual-mpnet-base-v2,Helsinki-NLP/opus-mt-tc-big-he-en,Helsinki-NLP/opus-mt-en-he,cuda,2026-02-27T12:31:02
3_1_18,3,1,18,dataset/images/3_1.png,"הסבירו מדוע בחרתם בתמונה זו כמשקפת את המשפט "" הילד למד שיעור חשוב  ""","Explain why you chose this picture as reflecting the sentence ""The child has learned an important lesson""","You are a systems thinking expert analyzing an image.
Concept: ""The child has learned an important lesson""
Complete this sentence by filling in what you observe and why it connects to the concept:
""This image shows [what you see], which illustrates \""The child has learned an important lesson\"" because [explain the visual link].""
Answer: This image shows",This image shows a group of children working together,False,,This image shows a group of children working together,תמונה זו מראה קבוצה של ילדים עובדים יחד,ניתן לראות שהילדים עוזרים זה לזה לכן זו האופציה הכי טובה לומר כי הוא למד משהו,0.442594051361084,44.26,multilingual semantic embedding cosine similarity,You can see that the kids are helping each other so that's the best option to say because he's learned something.,0.4286517798900604,42.87,0.5715117454528809,57.15,0.8876,0.862,0.8746,Salesforce/blip2-flan-t5-xl,sentence-transformers/paraphrase-multilingual-mpnet-base-v2,Helsinki-NLP/opus-mt-tc-big-he-en,Helsinki-NLP/opus-mt-en-he,cuda,2026-02-27T12:31:07
3_1_19,3,1,19,dataset/images/3_1.png,"הסבירו מדוע בחרתם בתמונה זו כמשקפת את המשפט "" הילד למד שיעור חשוב  ""","Explain why you chose this picture as reflecting the sentence ""The child has learned an important lesson""","You are a systems thinking expert analyzing an image.
Concept: ""The child has learned an important lesson""
Complete this sentence by filling in what you observe and why it connects to the concept:
""This image shows [what you see], which illustrates \""The child has learned an important lesson\"" because [explain the visual link].""
Answer: This image shows",This image shows a group of children working together,False,,This image shows a group of children working together,תמונה זו מראה קבוצה של ילדים עובדים יחד,"אני חושבת שילדים לומדים שיעור חשוב מהחברים שלהם כל יום, במיוחד שהכל קורה בצורה חיובית.",0.3726310133934021,37.26,multilingual semantic embedding cosine similarity,"I think children learn an important lesson from their friends every day, especially when everything happens in a positive way.",0.33376288414001465,33.38,0.4478311538696289,44.78,0.8773,0.8635,0.8703,Salesforce/blip2-flan-t5-xl,sentence-transformers/paraphrase-multilingual-mpnet-base-v2,Helsinki-NLP/opus-mt-tc-big-he-en,Helsinki-NLP/opus-mt-en-he,cuda,2026-02-27T12:31:13
3_1_32,3,1,32,dataset/images/3_1.png,"הסבירו מדוע בחרתם בתמונה זו כמשקפת את המשפט "" הילד למד שיעור חשוב  ""","Explain why you chose this picture as reflecting the sentence ""The child has learned an important lesson""","You are a systems thinking expert analyzing an image.
Concept: ""The child has learned an important lesson""
Complete this sentence by filling in what you observe and why it connects to the concept:
""This image shows [what you see], which illustrates \""The child has learned an important lesson\"" because [explain the visual link].""
Answer: This image shows",This image shows a group of children working together,False,,This image shows a group of children working together,תמונה זו מראה קבוצה של ילדים עובדים יחד,הילדים הצליחו להגיע למסקנה בעצם ללא עזרה חיצונית,0.108272984623909,10.83,multilingual semantic embedding cosine similarity,The children were able to reach a conclusion basically without outside help.,0.3075188994407654,30.75,0.2924087643623352,29.24,0.8921,0.8837,0.8879,Salesforce/blip2-flan-t5-xl,sentence-transformers/paraphrase-multilingual-mpnet-base-v2,Helsinki-NLP/opus-mt-tc-big-he-en,Helsinki-NLP/opus-mt-en-he,cuda,2026-02-27T12:31:18
