stem,question_num,answer_num,participant_num,image_key,gold_he,gold_en,vlm_answer_he,vlm_answer_en,vlm_vs_gold_mpnet_he,vlm_vs_gold_labse_he,vlm_vs_gold_mpnet_en,vlm_vs_gold_bs_f1,subject_answer_he,subject_answer_en,subj_vs_gold_mpnet_he,subj_vs_gold_labse_he,subj_vs_gold_mpnet_en,subj_vs_gold_bs_f1,vlm_vs_subj_mpnet_he
10_1_11,10,1,11,10_1,שינוי באדם נגרם לאורך זמן,A change in a person is caused over time,תמונה זו מציגה את פניהם של אנשים שונים ברצף,This image shows the faces of different people in a row,0.332,0.4964,0.2521,0.8931,השינוי ניכר לעין,The change is apparent,0.715,0.5357,0.5587,0.9152,0.3847
10_1_14,10,1,14,10_1,שינוי באדם נגרם לאורך זמן,A change in a person is caused over time,תמונה זו מציגה את פניהם של אנשים שונים ברצף,This image shows the faces of different people in a row,0.332,0.4964,0.2521,0.8931,אבולציה של אנשים,People's Evolution,0.5487,0.4825,0.4824,0.8786,0.4337
10_1_21,10,1,21,10_1,שינוי באדם נגרם לאורך זמן,A change in a person is caused over time,תמונה זו מציגה את פניהם של אנשים שונים ברצף,This image shows the faces of different people in a row,0.332,0.4964,0.2521,0.8931,קצב היזדקנות של בן אדם,A person's ageing rate,0.6016,0.5891,0.553,0.9157,0.532
10_1_22,10,1,22,10_1,שינוי באדם נגרם לאורך זמן,A change in a person is caused over time,תמונה זו מציגה את פניהם של אנשים שונים ברצף,This image shows the faces of different people in a row,0.332,0.4964,0.2521,0.8931,כי רואים את השינוי וההתפתחות של האדם,Because one sees the change and development of the human being.,0.7872,0.5508,0.6902,0.9083,0.5094
10_1_24,10,1,24,10_1,שינוי באדם נגרם לאורך זמן,A change in a person is caused over time,תמונה זו מציגה את פניהם של אנשים שונים ברצף,This image shows the faces of different people in a row,0.332,0.4964,0.2521,0.8931,האדם הולך וגדל,The man is growing,0.7042,0.5725,0.3639,0.8937,0.5658
10_1_26,10,1,26,10_1,שינוי באדם נגרם לאורך זמן,A change in a person is caused over time,תמונה זו מציגה את פניהם של אנשים שונים ברצף,This image shows the faces of different people in a row,0.332,0.4964,0.2521,0.8931,האדם מתבגר ועובר שינויים,People grow up and go through changes.,0.8492,0.6356,0.6783,0.8994,0.5458
10_1_36,10,1,36,10_1,שינוי באדם נגרם לאורך זמן,A change in a person is caused over time,תמונה זו מציגה את פניהם של אנשים שונים ברצף,This image shows the faces of different people in a row,0.332,0.4964,0.2521,0.8931,כל דור והקשיים שלו זה משתנה גם במראה,Every generation and its difficulties It also changes in appearance,0.7671,0.3494,0.6379,0.8826,0.4214
10_1_37,10,1,37,10_1,שינוי באדם נגרם לאורך זמן,A change in a person is caused over time,תמונה זו מציגה את פניהם של אנשים שונים ברצף,This image shows the faces of different people in a row,0.332,0.4964,0.2521,0.8931,אנחנו גדלים ומשתנים.,We grow and change.,0.6821,0.4005,0.5676,0.9073,0.3693
10_1_49,10,1,49,10_1,שינוי באדם נגרם לאורך זמן,A change in a person is caused over time,תמונה זו מציגה את פניהם של אנשים שונים ברצף,This image shows the faces of different people in a row,0.332,0.4964,0.2521,0.8931,כי ברגע שמזדקנים אין דרך חזרה להיות צעיר,Because once you get old there's no going back to being young.,0.4853,0.411,0.4538,0.8774,0.3743
10_1_52,10,1,52,10_1,שינוי באדם נגרם לאורך זמן,A change in a person is caused over time,תמונה זו מציגה את פניהם של אנשים שונים ברצף,This image shows the faces of different people in a row,0.332,0.4964,0.2521,0.8931,התמונה הזו ממחישה בצורה ישירה וברורה את רעיון השינוי,This image directly and clearly illustrates the idea of change,0.5712,0.3847,0.4762,0.8958,0.6207
10_1_54,10,1,54,10_1,שינוי באדם נגרם לאורך זמן,A change in a person is caused over time,תמונה זו מציגה את פניהם של אנשים שונים ברצף,This image shows the faces of different people in a row,0.332,0.4964,0.2521,0.8931,רואים את השינוי במראה לפי הגיל,You can see the change in appearance by age.,0.7017,0.6017,0.6497,0.9184,0.3574
10_1_58,10,1,58,10_1,שינוי באדם נגרם לאורך זמן,A change in a person is caused over time,תמונה זו מציגה את פניהם של אנשים שונים ברצף,This image shows the faces of different people in a row,0.332,0.4964,0.2521,0.8931,התמונה מציגה את תהליך החיים של בן אדם מהילדות ועד הזקנה ומראה שהשינוי כבר התרחש בפועל ואי אפשר לחזור אחורה.,The picture shows a person's life process from childhood to old age and shows that change has already taken place and it is impossible to go back.,0.7584,0.5036,0.6799,0.8878,0.4589
10_1_59,10,1,59,10_1,שינוי באדם נגרם לאורך זמן,A change in a person is caused over time,תמונה זו מציגה את פניהם של אנשים שונים ברצף,This image shows the faces of different people in a row,0.332,0.4964,0.2521,0.8931,בחרתי בתמונה של האדם שמתבגר משום שבה בעיני הכי מורגש זה שאי אפשר להחזיר את הגלגל לאחור. ברגע שהאדם כבר מזדקן אי אפשר ״לבטל״ את השינוי שהוא עבר.,"I chose the image of the person who is growing up because in my eyes it is most noticeable that it is impossible to turn back the wheel. Once the person is already getting older it is impossible to ""cancel"" the change he has gone through.",0.6429,0.4146,0.5445,0.8645,0.4999
10_1_61,10,1,61,10_1,שינוי באדם נגרם לאורך זמן,A change in a person is caused over time,תמונה זו מציגה את פניהם של אנשים שונים ברצף,This image shows the faces of different people in a row,0.332,0.4964,0.2521,0.8931,"זקנה הוא תהליך בלתי הפיך, לעמות צלחת שבורה שאפשר לדביק בחזרה או למחזר. פרח אפשר לשקם. ושיכרות הינה השפעה זמנית.","Old age is an irreversible process, for a broken plate can be glued back or recycled. A flower can be rehabilitated. And drunkenness is a temporary effect.",0.6484,0.3252,0.5596,0.8697,0.3038
10_2_15,10,2,15,10_2,עונות השנה משפיעות על הטבע,Seasons affect nature.,"תמונה זו מראה ארבעה פרחים שונים בתחום, אשר ממחישים שינוי נעשה","This image shows four different flowers in the field, which illustrates change is made",0.4993,0.3344,0.4921,0.8694,רואים שהפרח היה פורח ואלט לאט נבל כי לא השקו אותו,You can see that the flower was blooming and slowly a harp because it wasn't watered.,0.3781,0.1441,0.2975,0.8561,0.5573
10_2_17,10,2,17,10_2,עונות השנה משפיעות על הטבע,Seasons affect nature.,"תמונה זו מראה ארבעה פרחים שונים בתחום, אשר ממחישים שינוי נעשה","This image shows four different flowers in the field, which illustrates change is made",0.4993,0.3344,0.4921,0.8694,שהפרח פורח,That the flower blooms,0.3709,0.2647,0.3626,0.8789,0.7352
10_2_19,10,2,19,10_2,עונות השנה משפיעות על הטבע,Seasons affect nature.,"תמונה זו מראה ארבעה פרחים שונים בתחום, אשר ממחישים שינוי נעשה","This image shows four different flowers in the field, which illustrates change is made",0.4993,0.3344,0.4921,0.8694,השינוי נעשה זה שניתן לראות התחלה וסוף ובין לבין רואים את התהליך ואת הקיצוניות.,Change is made that one can see beginning and end and in between one sees the process and the extreme.,0.3204,0.2128,0.3299,0.8626,0.4455
10_2_20,10,2,20,10_2,עונות השנה משפיעות על הטבע,Seasons affect nature.,"תמונה זו מראה ארבעה פרחים שונים בתחום, אשר ממחישים שינוי נעשה","This image shows four different flowers in the field, which illustrates change is made",0.4993,0.3344,0.4921,0.8694,רואים בבירור איך השינוי נעשה מתמונה לתמונה,You can clearly see how the change is made from picture to picture.,0.2332,0.2751,0.1853,0.8596,0.482
10_2_23,10,2,23,10_2,עונות השנה משפיעות על הטבע,Seasons affect nature.,"תמונה זו מראה ארבעה פרחים שונים בתחום, אשר ממחישים שינוי נעשה","This image shows four different flowers in the field, which illustrates change is made",0.4993,0.3344,0.4921,0.8694,פרח שמתחיל כעצוב ונובל פורח וזה תהליך של בני אדם,A flower that begins as a sad and a flowering novel and it's a human process,0.4775,0.2748,0.338,0.8616,0.6897
10_2_25,10,2,25,10_2,עונות השנה משפיעות על הטבע,Seasons affect nature.,"תמונה זו מראה ארבעה פרחים שונים בתחום, אשר ממחישים שינוי נעשה","This image shows four different flowers in the field, which illustrates change is made",0.4993,0.3344,0.4921,0.8694,אני רואה שינוי,I see a change.,0.2525,0.3357,0.212,0.909,0.5047
10_2_27,10,2,27,10_2,עונות השנה משפיעות על הטבע,Seasons affect nature.,"תמונה זו מראה ארבעה פרחים שונים בתחום, אשר ממחישים שינוי נעשה","This image shows four different flowers in the field, which illustrates change is made",0.4993,0.3344,0.4921,0.8694,יש פרח נובל ואי אפשר לשנות מפרח נובל לצומח,There is a Nobel flower and you can't change from a Nobel flower to a vegetable.,0.378,0.2345,0.243,0.8744,0.5612
10_2_35,10,2,35,10_2,עונות השנה משפיעות על הטבע,Seasons affect nature.,"תמונה זו מראה ארבעה פרחים שונים בתחום, אשר ממחישים שינוי נעשה","This image shows four different flowers in the field, which illustrates change is made",0.4993,0.3344,0.4921,0.8694,ממחיש את השינוי דרך פרח שצומח ואז נובל,Illustrates the change through a flower that grows and then Nobel,0.4766,0.3325,0.4061,0.8606,0.8288
10_2_41,10,2,41,10_2,עונות השנה משפיעות על הטבע,Seasons affect nature.,"תמונה זו מראה ארבעה פרחים שונים בתחום, אשר ממחישים שינוי נעשה","This image shows four different flowers in the field, which illustrates change is made",0.4993,0.3344,0.4921,0.8694,"הצמח כמל, הגיע לסוף תהליך ייעודו ותפקידו","The plant as a mel, has reached the end of its vocation process and function",0.4762,0.1541,0.3444,0.8591,0.6662
10_2_42,10,2,42,10_2,עונות השנה משפיעות על הטבע,Seasons affect nature.,"תמונה זו מראה ארבעה פרחים שונים בתחום, אשר ממחישים שינוי נעשה","This image shows four different flowers in the field, which illustrates change is made",0.4993,0.3344,0.4921,0.8694,רואים את השינוי,You see the change.,0.2801,0.3133,0.2576,0.9057,0.4325
10_2_46,10,2,46,10_2,עונות השנה משפיעות על הטבע,Seasons affect nature.,"תמונה זו מראה ארבעה פרחים שונים בתחום, אשר ממחישים שינוי נעשה","This image shows four different flowers in the field, which illustrates change is made",0.4993,0.3344,0.4921,0.8694,"בתמונה רואים שני שינויים, שינוי ראשון של הפרח עצמו שפרח וצמח אבל הסביבה נשארה זהה, ובתמונה השנייה הפרח נשאר נבול אבל הסביבה השתנתה. בשניהם השינוי נעשה.","In the picture you see two changes, a first change of the flower itself that flower and plant but the environment remains the same, and in the second picture the flower remains wilted but the environment has changed. In both the change is made.",0.4651,0.3257,0.4423,0.8528,0.7173
1_1_13,1,1,13,1_1,שיתוף פעולה בין עובדים מביא להשלמת משימה בהצלחה,Employee collaboration results in successful completion of a task,תמונה זו מראה שני אנשי צבא מתכוננים לטעון טיל על מטוס קרב,This image shows two military men preparing to load a missile onto a fighter jet,0.1804,0.3882,0.0618,0.8614,כי הם עבדים בצוות,They are slaves in the crew.,0.637,0.3804,0.2704,0.8806,0.321
1_1_21,1,1,21,1_1,שיתוף פעולה בין עובדים מביא להשלמת משימה בהצלחה,Employee collaboration results in successful completion of a task,תמונה זו מראה שני אנשי צבא מתכוננים לטעון טיל על מטוס קרב,This image shows two military men preparing to load a missile onto a fighter jet,0.1804,0.3882,0.0618,0.8614,יש פה עובדה צוות וזה נראה שהם עוד שניה מסיים,There's a fact here staff and it looks like they're about to finish.,0.5484,0.3748,0.4167,0.8506,0.3449
1_2_20,1,2,20,1_2,שיתוף פעולה בין מספר כלי עבודה מביא להשלמת העבודה בהצלחה,Cooperation between several tools results in the completion of the work successfully,התמונה הזו מראה בולדוזר ומשאית זבל.,This image shows a bulldozer and dump truck,0.1607,0.1876,0.2019,0.866,העבודה זה לשים משהו בתוך המשאית והיא הושלמה בהצלחה,The job is to put something inside the truck and it's successfully completed,0.4724,0.5045,0.479,0.8831,0.6112
1_2_32,1,2,32,1_2,שיתוף פעולה בין מספר כלי עבודה מביא להשלמת העבודה בהצלחה,Cooperation between several tools results in the completion of the work successfully,התמונה הזו מראה בולדוזר ומשאית זבל.,This image shows a bulldozer and dump truck,0.1607,0.1876,0.2019,0.866,כי סיימו את הפעולה של לשפוך מה שהיה בטרקטור למשאית,Because they ended the act of pouring what was in the tractor into the truck,0.2946,0.299,0.2392,0.8636,0.7064
1_2_36,1,2,36,1_2,שיתוף פעולה בין מספר כלי עבודה מביא להשלמת העבודה בהצלחה,Cooperation between several tools results in the completion of the work successfully,התמונה הזו מראה בולדוזר ומשאית זבל.,This image shows a bulldozer and dump truck,0.1607,0.1876,0.2019,0.866,בתמונה אני רואה שיש יהודים וזה אומר שהולכים לבנות משהו מסוים בית / בניין / פארק ועצם העובדה שהולכים לבנות משהוו חדש זה מעיר השראה ותקווה,In the picture I see that there are Jews and that means that they are going to build something specific a house / building / park and the very fact that they are going to build something new is inspiring and hopeful.,0.2537,0.2528,0.1748,0.8442,0.3487
1_2_48,1,2,48,1_2,שיתוף פעולה בין מספר כלי עבודה מביא להשלמת העבודה בהצלחה,Cooperation between several tools results in the completion of the work successfully,התמונה הזו מראה בולדוזר ומשאית זבל.,This image shows a bulldozer and dump truck,0.1607,0.1876,0.2019,0.866,"בחרתי בתמונה מספר 2 מפני שלא רואים עובדים בתמונה מה שמעיד שהפעולות שהיו צריכות להתבצע הסתיימו. בנוסף, כשהתמונה מצולמת מרחוק ניתן לראות את כל המרכיבים בשלמותם מה שמעיד שהעבודה הושלמה.","I chose picture number 2 because you don't see employees in the picture which indicates that the actions that needed to be done are done. In addition, when the image is taken remotely you can see all the components in their entirety which indicates that the work has been completed.",0.4804,0.4314,0.4377,0.8679,0.3338
1_2_49,1,2,49,1_2,שיתוף פעולה בין מספר כלי עבודה מביא להשלמת העבודה בהצלחה,Cooperation between several tools results in the completion of the work successfully,התמונה הזו מראה בולדוזר ומשאית זבל.,This image shows a bulldozer and dump truck,0.1607,0.1876,0.2019,0.866,"נראה שהטרקטור סיים לפנות למשאית, כי אין כלום בסביבה לפינוי.","The tractor seems to have finished turning to the truck, because there's nothing around for the evacuation.",0.0728,0.1803,0.1492,0.8583,0.7605
1_2_53,1,2,53,1_2,שיתוף פעולה בין מספר כלי עבודה מביא להשלמת העבודה בהצלחה,Cooperation between several tools results in the completion of the work successfully,התמונה הזו מראה בולדוזר ומשאית זבל.,This image shows a bulldozer and dump truck,0.1607,0.1876,0.2019,0.866,"מבין כל התמונות, בתמונה מספר2 אין דעה לגבי התוצאה. אם התוצאה היא הצלחה, רק תמונה מספר 2 וודאית. בכל תמונה אחרת ייתכן והמשימה הושלמה אך לא בהצלחה או שלא הושלמה כלל.","Of all the images, picture number 2 has no opinion on the outcome. If the result is success, only picture number 2 is certain. In any other image the task may have been completed but not successfully or not completed at all.",0.3145,0.3586,0.3514,0.8502,0.2329
2_1_36,2,1,36,2_1,עבודת צוות ושיתוף פעולה יעזרו לקבל החלטה,Teamwork and collaboration will help make a decision,התמונה הזו מראה קבוצה של אנשים שיושבים סביב שולחן,This image shows a group of people sitting around a table,0.3804,0.458,0.3479,0.8824,בחרתי בתמונה הזאת כיוון שהיא מעידה על חשיבות השיח והדיון במיוחד בעבודה,I chose this picture because it indicates the importance of discourse and discussion especially at work.,0.5521,0.43,0.489,0.8919,0.5247
2_2_11,2,2,11,2_2,הצוות שיתף פעולה בתהליך ההחלטה,The team cooperated in the decision process.,תמונה זו מראה קבוצת אנשים מוחאים כפיים,This image shows a group of people clapping,0.2809,0.311,0.229,0.8909,"כולם ביחד שמחים, לוחצים ידיים ומסכימים.","Everyone together is happy, shaking hands and agreeing.",0.3214,0.366,0.3525,0.8898,0.6082
2_2_13,2,2,13,2_2,הצוות שיתף פעולה בתהליך ההחלטה,The team cooperated in the decision process.,תמונה זו מראה קבוצת אנשים מוחאים כפיים,This image shows a group of people clapping,0.2809,0.311,0.229,0.8909,כי הם קבוצה של אנשים שדנים ביחד ומגיעים ביחד להחלטה,Because they're a group of people who discuss together and come together to decide,0.7209,0.4671,0.4881,0.8858,0.6245
2_2_14,2,2,14,2_2,הצוות שיתף פעולה בתהליך ההחלטה,The team cooperated in the decision process.,תמונה זו מראה קבוצת אנשים מוחאים כפיים,This image shows a group of people clapping,0.2809,0.311,0.229,0.8909,רואים קבוצה מרוצה ומגובשת,We see a happy and united team.,0.492,0.3477,0.4652,0.9187,0.6875
2_2_15,2,2,15,2_2,הצוות שיתף פעולה בתהליך ההחלטה,The team cooperated in the decision process.,תמונה זו מראה קבוצת אנשים מוחאים כפיים,This image shows a group of people clapping,0.2809,0.311,0.229,0.8909,כי כולם נראים מחייכים ומרוצים,Everyone looks happy and smiling.,0.2815,0.2642,0.2299,0.9002,0.4706
2_2_17,2,2,17,2_2,הצוות שיתף פעולה בתהליך ההחלטה,The team cooperated in the decision process.,תמונה זו מראה קבוצת אנשים מוחאים כפיים,This image shows a group of people clapping,0.2809,0.311,0.229,0.8909,שיש שותפות ביחד כצוות וההחלטה התקבלה כפה אחד וכולם נראים שמחים על כך.,That there was a partnership together as a team and the decision was made as one and everyone seems happy about it.,0.7496,0.4398,0.6666,0.8993,0.4463
2_2_18,2,2,18,2_2,הצוות שיתף פעולה בתהליך ההחלטה,The team cooperated in the decision process.,תמונה זו מראה קבוצת אנשים מוחאים כפיים,This image shows a group of people clapping,0.2809,0.311,0.229,0.8909,בחרתי במספר 2 כי נראה שחברי הצוות מאגדים ידיים על מנת להכריז כי התבצעה החלטה וכולם מאשרים אותה,I chose number 2 because the crew members seem to be gathering their hands to announce that a decision has been made and everyone approves of it.,0.6043,0.4213,0.4689,0.8791,0.3086
2_2_19,2,2,19,2_2,הצוות שיתף פעולה בתהליך ההחלטה,The team cooperated in the decision process.,תמונה זו מראה קבוצת אנשים מוחאים כפיים,This image shows a group of people clapping,0.2809,0.311,0.229,0.8909,"בעיני החלטה טובה מתקבלת בשיתוף פעולה ובצוות שכולם יוצאים מרוצים וגם אם לא בהכרח נוגע בדעה של כולם, עדיין יוצאים שמחים מהדיון ומהדרך שהכל קרה.","In my view, a good decision is made with the cooperation and team that everyone comes out happy and even if not necessarily touching everyone's opinion, still happy comes out of the discussion and the way it all happened.",0.7647,0.4856,0.6552,0.8726,0.41
2_2_20,2,2,20,2_2,הצוות שיתף פעולה בתהליך ההחלטה,The team cooperated in the decision process.,תמונה זו מראה קבוצת אנשים מוחאים כפיים,This image shows a group of people clapping,0.2809,0.311,0.229,0.8909,רואים שהקבוצה הגיעה להחלטה,The team has come to a decision.,0.6946,0.6105,0.615,0.9359,0.5339
2_2_21,2,2,21,2_2,הצוות שיתף פעולה בתהליך ההחלטה,The team cooperated in the decision process.,תמונה זו מראה קבוצת אנשים מוחאים כפיים,This image shows a group of people clapping,0.2809,0.311,0.229,0.8909,נראה שהם בידוק מסכמים את הדברים,Looks like they're finalizing things.,0.4315,0.2167,0.3623,0.8952,0.4489
2_2_22,2,2,22,2_2,הצוות שיתף פעולה בתהליך ההחלטה,The team cooperated in the decision process.,תמונה זו מראה קבוצת אנשים מוחאים כפיים,This image shows a group of people clapping,0.2809,0.311,0.229,0.8909,"בחרתי באופציה זו כי מרגיש לי שהאיחוד ידיים שכל חברי הקבוצה מושיטים מעידים על עידוד ""יציאה לדרך"" החלטה שהתקבלה","I chose this option because it feels to me that the unity of hands that all the members of the group extend attests to the encouragement of a ""go-away"" decision that was made",0.6555,0.4156,0.5524,0.8742,0.2976
2_2_23,2,2,23,2_2,הצוות שיתף פעולה בתהליך ההחלטה,The team cooperated in the decision process.,תמונה זו מראה קבוצת אנשים מוחאים כפיים,This image shows a group of people clapping,0.2809,0.311,0.229,0.8909,בגלל שכולם לוחצים ידיים מה שנותן קונוטציה של הסכמה של כול חברי הקבוצה,Because everyone shakes hands which gives a connotation of agreement of all members of the group,0.5911,0.3152,0.4233,0.885,0.4253
2_2_24,2,2,24,2_2,הצוות שיתף פעולה בתהליך ההחלטה,The team cooperated in the decision process.,תמונה זו מראה קבוצת אנשים מוחאים כפיים,This image shows a group of people clapping,0.2809,0.311,0.229,0.8909,נראה שכולם מחויכים ולחצו ידיים להסכמה,Everyone seems to be smiling and shaking hands to agree.,0.4974,0.3786,0.384,0.889,0.4569
2_2_25,2,2,25,2_2,הצוות שיתף פעולה בתהליך ההחלטה,The team cooperated in the decision process.,תמונה זו מראה קבוצת אנשים מוחאים כפיים,This image shows a group of people clapping,0.2809,0.311,0.229,0.8909,הם נראים שמחים ולכן זה נראה שהם הגיעו להסכמה,They seem happy and so it seems they have reached an agreement,0.3479,0.3289,0.3848,0.8838,0.477
2_2_27,2,2,27,2_2,הצוות שיתף פעולה בתהליך ההחלטה,The team cooperated in the decision process.,תמונה זו מראה קבוצת אנשים מוחאים כפיים,This image shows a group of people clapping,0.2809,0.311,0.229,0.8909,כי בתמונה שבחרתי כולם לוחצים ידיים כך שהם הסכימו,"Because in the picture I've chosen, everyone shakes hands so they've agreed.",0.4403,0.3988,0.448,0.8841,0.5583
2_2_29,2,2,29,2_2,הצוות שיתף פעולה בתהליך ההחלטה,The team cooperated in the decision process.,תמונה זו מראה קבוצת אנשים מוחאים כפיים,This image shows a group of people clapping,0.2809,0.311,0.229,0.8909,זה מראה את התמונת שלנו בבית חולים שאנחנו עוסים חשיבה קבוצתי ומגעים להסכמה ביחד,It shows our picture in a hospital that we massage group thinking and touch consensus together.,0.6099,0.2436,0.401,0.8705,0.488
2_2_32,2,2,32,2_2,הצוות שיתף פעולה בתהליך ההחלטה,The team cooperated in the decision process.,תמונה זו מראה קבוצת אנשים מוחאים כפיים,This image shows a group of people clapping,0.2809,0.311,0.229,0.8909,נראה כי כולם נמצאים בהסכמה על משהו מסוים,Everyone seems to be in agreement on something specific.,0.5134,0.4009,0.4361,0.9043,0.417
2_2_35,2,2,35,2_2,הצוות שיתף פעולה בתהליך ההחלטה,The team cooperated in the decision process.,תמונה זו מראה קבוצת אנשים מוחאים כפיים,This image shows a group of people clapping,0.2809,0.311,0.229,0.8909,יש עבודת צוות והחלטה פה אחד,There is team work and unanimous decision,0.87,0.5382,0.7371,0.9124,0.443
2_2_37,2,2,37,2_2,הצוות שיתף פעולה בתהליך ההחלטה,The team cooperated in the decision process.,תמונה זו מראה קבוצת אנשים מוחאים כפיים,This image shows a group of people clapping,0.2809,0.311,0.229,0.8909,נראה שכולם מסכימים יחד.,Everyone seems to agree together.,0.4959,0.3797,0.4767,0.9132,0.3752
2_2_41,2,2,41,2_2,הצוות שיתף פעולה בתהליך ההחלטה,The team cooperated in the decision process.,תמונה זו מראה קבוצת אנשים מוחאים כפיים,This image shows a group of people clapping,0.2809,0.311,0.229,0.8909,נראה שכולם מסכימים משום שהם לוחצים ידיים,Everyone seems to agree because they shake hands.,0.4038,0.3615,0.3688,0.8869,0.4079
2_2_42,2,2,42,2_2,הצוות שיתף פעולה בתהליך ההחלטה,The team cooperated in the decision process.,תמונה זו מראה קבוצת אנשים מוחאים כפיים,This image shows a group of people clapping,0.2809,0.311,0.229,0.8909,כי הם שמחים ונראים מסופקים והחלטיים,For they are happy and seem content and decisive,0.3057,0.2546,0.2394,0.8487,0.536
2_2_44,2,2,44,2_2,הצוות שיתף פעולה בתהליך ההחלטה,The team cooperated in the decision process.,תמונה זו מראה קבוצת אנשים מוחאים כפיים,This image shows a group of people clapping,0.2809,0.311,0.229,0.8909,אני חושבת שזה מייצג את קבלת ההחלטה על ידי כמה אנשים ולא שאחד מחליט עבור כולם.,I think it represents the decision making by some people rather than one making for everyone.,0.5234,0.2747,0.3482,0.8887,0.2908
2_2_46,2,2,46,2_2,הצוות שיתף פעולה בתהליך ההחלטה,The team cooperated in the decision process.,תמונה זו מראה קבוצת אנשים מוחאים כפיים,This image shows a group of people clapping,0.2809,0.311,0.229,0.8909,נראית כמו קבוצת אנשים אשר נראים שמחים ומסכימים יחד על אותו נושא בלחיצת יד משותפת.,You look like a group of people who look happy and agree together on the same subject with a common handshake.,0.439,0.3226,0.3446,0.8769,0.7149
2_2_48,2,2,48,2_2,הצוות שיתף פעולה בתהליך ההחלטה,The team cooperated in the decision process.,תמונה זו מראה קבוצת אנשים מוחאים כפיים,This image shows a group of people clapping,0.2809,0.311,0.229,0.8909,"נראה שהעובדים מרוצים לאחר הגעה לפתרון, שילוב הידיים קורה בדרכ בסיום תהליך","Employees seem to be satisfied after reaching a solution, combining the hands happens usually at the end of a process",0.5608,0.4157,0.4781,0.8837,0.409
2_2_49,2,2,49,2_2,הצוות שיתף פעולה בתהליך ההחלטה,The team cooperated in the decision process.,תמונה זו מראה קבוצת אנשים מוחאים כפיים,This image shows a group of people clapping,0.2809,0.311,0.229,0.8909,נראה שהצוות הגיע להחלטה משותפת ושמח לכבוד זה,The team seems to have come to a joint and happy decision in honor of this.,0.7212,0.5307,0.6604,0.899,0.4319
2_2_50,2,2,50,2_2,הצוות שיתף פעולה בתהליך ההחלטה,The team cooperated in the decision process.,תמונה זו מראה קבוצת אנשים מוחאים כפיים,This image shows a group of people clapping,0.2809,0.311,0.229,0.8909,נראה שהכל הסכים על מה שמודבר ויתחילו לעבוד,Everything seems to have agreed on what's being talked about and will start working.,0.6084,0.3806,0.4482,0.8868,0.3794
2_2_52,2,2,52,2_2,הצוות שיתף פעולה בתהליך ההחלטה,The team cooperated in the decision process.,תמונה זו מראה קבוצת אנשים מוחאים כפיים,This image shows a group of people clapping,0.2809,0.311,0.229,0.8909,נראה שהאנשים ישבו בדיון במשך זמן מה ואז בחרו מה הם הולכים לעשות ועושים מן כיף משותף כהצלחה משותפת בהמשך עם ההחלטה שלהם,The people seemed to sit in the debate for a while and then choose what they were going to do and do from having fun together as a shared success further along with their decision,0.5813,0.4475,0.4397,0.8702,0.3492
2_2_53,2,2,53,2_2,הצוות שיתף פעולה בתהליך ההחלטה,The team cooperated in the decision process.,תמונה זו מראה קבוצת אנשים מוחאים כפיים,This image shows a group of people clapping,0.2809,0.311,0.229,0.8909,בכל שאר התמונות מסתמן שקיימת התלבטות.,"In all the other pictures, there seems to be a dilemma.",0.2167,0.2239,0.1447,0.8926,0.4393
2_2_54,2,2,54,2_2,הצוות שיתף פעולה בתהליך ההחלטה,The team cooperated in the decision process.,תמונה זו מראה קבוצת אנשים מוחאים כפיים,This image shows a group of people clapping,0.2809,0.311,0.229,0.8909,מוחאים כפיים ומשלבים ידיים כיציאה לדרך,Clap your hands and join hands as you set off.,0.3426,0.3158,0.2628,0.88,0.6156
2_2_57,2,2,57,2_2,הצוות שיתף פעולה בתהליך ההחלטה,The team cooperated in the decision process.,תמונה זו מראה קבוצת אנשים מוחאים כפיים,This image shows a group of people clapping,0.2809,0.311,0.229,0.8909,סימן היידים מעיד שסיימו השאר נראים שעדין חושבים,The hand sign indicates that the rest of them seem to still be thinking,0.3204,0.1769,0.3322,0.8884,0.4608
2_2_58,2,2,58,2_2,הצוות שיתף פעולה בתהליך ההחלטה,The team cooperated in the decision process.,תמונה זו מראה קבוצת אנשים מוחאים כפיים,This image shows a group of people clapping,0.2809,0.311,0.229,0.8909,כי נוכל לראות בתמונה הזו שכל הצוות מסכים ושמח והתנועה עם הידיים שהצוות עושה בתמונה מעידה על הסכם מסוים.,Because we can see in this picture that the whole team agrees and rejoices and the movement with the hands that the team makes in the picture indicates a certain agreement.,0.6324,0.4078,0.5842,0.8746,0.6398
2_2_59,2,2,59,2_2,הצוות שיתף פעולה בתהליך ההחלטה,The team cooperated in the decision process.,תמונה זו מראה קבוצת אנשים מוחאים כפיים,This image shows a group of people clapping,0.2809,0.311,0.229,0.8909,"בחרתי בתמונה בה כל חברי הצוות מחזיקים ידיים או מוחאים כפיים, מהסיבה שפעולות אלו מביעות בעיני מעין סיכום של הפגישה. נראה כי הם שמחים שהצליחו להגיע להחלטה משותפת.","I chose a picture where all the team members are holding hands or clapping, for the reason that these actions express to me a sort of summary of the meeting. They seem happy to have made a joint decision.",0.6015,0.4004,0.565,0.8808,0.6202
2_2_60,2,2,60,2_2,הצוות שיתף פעולה בתהליך ההחלטה,The team cooperated in the decision process.,תמונה זו מראה קבוצת אנשים מוחאים כפיים,This image shows a group of people clapping,0.2809,0.311,0.229,0.8909,"בתמונה הראשונה עוד יש דיון, ברביעית נראה שהוא בתוך התהליך אז חשבתי או 2 או 3 והלכתי על בחירה של צוות ולא על החלטת יחיד..","In the first picture there is still discussion, in the fourth it seems that he is in the process so I thought either 2 or 3 and went for a choice of team and not a single decision..",0.6329,0.3997,0.3977,0.8682,0.4343
2_2_61,2,2,61,2_2,הצוות שיתף פעולה בתהליך ההחלטה,The team cooperated in the decision process.,תמונה זו מראה קבוצת אנשים מוחאים כפיים,This image shows a group of people clapping,0.2809,0.311,0.229,0.8909,מכיוון שכל האנשים בתמונה הסכימו על משהו והם נורא שמחים בנוגע לזה.,Because all the people in the picture have agreed on something and they're very happy about it.,0.4286,0.3833,0.4978,0.8936,0.4846
2_2_62,2,2,62,2_2,הצוות שיתף פעולה בתהליך ההחלטה,The team cooperated in the decision process.,תמונה זו מראה קבוצת אנשים מוחאים כפיים,This image shows a group of people clapping,0.2809,0.311,0.229,0.8909,בכל שאר התמונות נראה כי ההחלטה עוד לא התקבלה,"In all the other pictures, it seems that the decision has not yet been made.",0.2427,0.395,0.1338,0.9039,0.3875
2_2_63,2,2,63,2_2,הצוות שיתף פעולה בתהליך ההחלטה,The team cooperated in the decision process.,תמונה זו מראה קבוצת אנשים מוחאים כפיים,This image shows a group of people clapping,0.2809,0.311,0.229,0.8909,בתמונה 2 האדם תורם לסביבה ובכך משפיע עליה.,"In Figure 2, the person contributes to the environment and thus influences it.",0.28,0.2733,0.186,0.8913,0.212
2_2_8,2,2,8,2_2,הצוות שיתף פעולה בתהליך ההחלטה,The team cooperated in the decision process.,תמונה זו מראה קבוצת אנשים מוחאים כפיים,This image shows a group of people clapping,0.2809,0.311,0.229,0.8909,נראה החלטה משותפת,Seems to be a joint decision,0.6827,0.4232,0.5507,0.9158,0.324
3_1_14,3,1,14,3_1,ילד לומד על ידי שיתוף עם קבוצת ילדים שמשחקת יחד ולומדת יחד,A child learns by sharing with a group of children who play together and learn together.,תמונה זו מראה קבוצה של ילדים עובדים יחד על פרויקט,This image shows a group of children working together on a project,0.7649,0.6264,0.7272,0.9103,שיעור בעבודת צוות ושיתוף פעולה,A Lesson in Teamwork and Collaboration,0.5864,0.5177,0.4382,0.8639,0.5261
3_1_15,3,1,15,3_1,ילד לומד על ידי שיתוף עם קבוצת ילדים שמשחקת יחד ולומדת יחד,A child learns by sharing with a group of children who play together and learn together.,תמונה זו מראה קבוצה של ילדים עובדים יחד על פרויקט,This image shows a group of children working together on a project,0.7649,0.6264,0.7272,0.9103,שהוא הביא חברים לאחר בבית,That he brought friends after home,0.2327,0.3634,0.1023,0.8461,0.2134
3_1_18,3,1,18,3_1,ילד לומד על ידי שיתוף עם קבוצת ילדים שמשחקת יחד ולומדת יחד,A child learns by sharing with a group of children who play together and learn together.,תמונה זו מראה קבוצה של ילדים עובדים יחד על פרויקט,This image shows a group of children working together on a project,0.7649,0.6264,0.7272,0.9103,ניתן לראות שהילדים עוזרים זה לזה לכן זו האופציה הכי טובה לומר כי הוא למד משהו,You can see that the kids are helping each other so that's the best option to say because he's learned something.,0.7436,0.554,0.689,0.8801,0.4532
3_1_19,3,1,19,3_1,ילד לומד על ידי שיתוף עם קבוצת ילדים שמשחקת יחד ולומדת יחד,A child learns by sharing with a group of children who play together and learn together.,תמונה זו מראה קבוצה של ילדים עובדים יחד על פרויקט,This image shows a group of children working together on a project,0.7649,0.6264,0.7272,0.9103,"אני חושבת שילדים לומדים שיעור חשוב מהחברים שלהם כל יום, במיוחד שהכל קורה בצורה חיובית.","I think children learn an important lesson from their friends every day, especially when everything happens in a positive way.",0.6582,0.5285,0.6352,0.8823,0.3708
3_1_32,3,1,32,3_1,ילד לומד על ידי שיתוף עם קבוצת ילדים שמשחקת יחד ולומדת יחד,A child learns by sharing with a group of children who play together and learn together.,תמונה זו מראה קבוצה של ילדים עובדים יחד על פרויקט,This image shows a group of children working together on a project,0.7649,0.6264,0.7272,0.9103,הילדים הצליחו להגיע למסקנה בעצם ללא עזרה חיצונית,The children were able to reach a conclusion basically without outside help.,0.3723,0.4467,0.3022,0.8783,0.1365
3_1_37,3,1,37,3_1,ילד לומד על ידי שיתוף עם קבוצת ילדים שמשחקת יחד ולומדת יחד,A child learns by sharing with a group of children who play together and learn together.,תמונה זו מראה קבוצה של ילדים עובדים יחד על פרויקט,This image shows a group of children working together on a project,0.7649,0.6264,0.7272,0.9103,אני חושבת שהכי טוב ללמוד יחד.,I think it's best to study together.,0.4296,0.4817,0.2967,0.9014,0.306
3_1_50,3,1,50,3_1,ילד לומד על ידי שיתוף עם קבוצת ילדים שמשחקת יחד ולומדת יחד,A child learns by sharing with a group of children who play together and learn together.,תמונה זו מראה קבוצה של ילדים עובדים יחד על פרויקט,This image shows a group of children working together on a project,0.7649,0.6264,0.7272,0.9103,הילד לומד עם שאר הילידים בצורה יותר טובה,The child learns with the rest of the natives in a better way.,0.5649,0.6706,0.6524,0.8984,0.5612
3_1_53,3,1,53,3_1,ילד לומד על ידי שיתוף עם קבוצת ילדים שמשחקת יחד ולומדת יחד,A child learns by sharing with a group of children who play together and learn together.,תמונה זו מראה קבוצה של ילדים עובדים יחד על פרויקט,This image shows a group of children working together on a project,0.7649,0.6264,0.7272,0.9103,בתמונה 1 נראה שנדרש שיתוף פעולה וקבלת דעות של אחרים. אין ספק שהילדים ילמדו שיעור חשוב בנושא זה.,In Figure 1 it seems that cooperation and acceptance of the opinions of others are required. There is no doubt that children will learn an important lesson on this subject.,0.6964,0.4699,0.5556,0.8742,0.5375
3_1_57,3,1,57,3_1,ילד לומד על ידי שיתוף עם קבוצת ילדים שמשחקת יחד ולומדת יחד,A child learns by sharing with a group of children who play together and learn together.,תמונה זו מראה קבוצה של ילדים עובדים יחד על פרויקט,This image shows a group of children working together on a project,0.7649,0.6264,0.7272,0.9103,מסביר לאנשים,Explaining to People,0.4329,0.3135,0.3467,0.8629,0.3946
3_1_62,3,1,62,3_1,ילד לומד על ידי שיתוף עם קבוצת ילדים שמשחקת יחד ולומדת יחד,A child learns by sharing with a group of children who play together and learn together.,תמונה זו מראה קבוצה של ילדים עובדים יחד על פרויקט,This image shows a group of children working together on a project,0.7649,0.6264,0.7272,0.9103,בכל שאר התמונות נראה כי ההחלטה עוד לא התקבלה,"In all the other pictures, it seems that the decision has not yet been made.",0.1434,0.1425,0.1163,0.8629,0.3329
3_2_11,3,2,11,3_2,הילדה לומדת עם אמא שלה,The girl is studying with her mother.,תמונה זו מראה ילד כותב במחברת,This image shows a child writing in a notebook,0.4275,0.4946,0.4856,0.8979,למד בריכוז עם האמא משהו לבד.,Study intently with the mother something alone.,0.6629,0.618,0.6802,0.8979,0.298
3_2_24,3,2,24,3_2,הילדה לומדת עם אמא שלה,The girl is studying with her mother.,תמונה זו מראה ילד כותב במחברת,This image shows a child writing in a notebook,0.4275,0.4946,0.4856,0.8979,האמא מסבירה לילדה,The mother explains to the child,0.7466,0.7509,0.5777,0.9214,0.3308
3_2_27,3,2,27,3_2,הילדה לומדת עם אמא שלה,The girl is studying with her mother.,תמונה זו מראה ילד כותב במחברת,This image shows a child writing in a notebook,0.4275,0.4946,0.4856,0.8979,כי האמא לימדה את הילד וכנראה שהיא לימדה משהו חשוב,Because the mother taught the child and apparently she taught something important,0.6592,0.5735,0.4527,0.8978,0.312
3_2_29,3,2,29,3_2,הילדה לומדת עם אמא שלה,The girl is studying with her mother.,תמונה זו מראה ילד כותב במחברת,This image shows a child writing in a notebook,0.4275,0.4946,0.4856,0.8979,שאמא מלמד הילדה זה מדאמין החיים האמתים שאמא רוב הזמן מתעסקת ללמד הילדים,That mother teaches the child It's from Damin The real life that mother spends most of her time teaching the children,0.6375,0.6025,0.426,0.8714,0.3023
3_2_35,3,2,35,3_2,הילדה לומדת עם אמא שלה,The girl is studying with her mother.,תמונה זו מראה ילד כותב במחברת,This image shows a child writing in a notebook,0.4275,0.4946,0.4856,0.8979,"כשאמא עוזרת לילד שלה בשיעורי בית, הוא לומד ממנה לענות על שאלות","When a mother helps her child with homework, he learns from her to answer questions",0.7356,0.6528,0.6213,0.8942,0.4411
3_2_36,3,2,36,3_2,הילדה לומדת עם אמא שלה,The girl is studying with her mother.,תמונה זו מראה ילד כותב במחברת,This image shows a child writing in a notebook,0.4275,0.4946,0.4856,0.8979,בחרתי בתמונה כי מבחינתי אהבה אמיתית זה אהבת האם לבן שלה,"I chose the picture because to me, true love is the mother's love for her son.",0.4157,0.4029,0.2205,0.8895,0.154
3_2_49,3,2,49,3_2,הילדה לומדת עם אמא שלה,The girl is studying with her mother.,תמונה זו מראה ילד כותב במחברת,This image shows a child writing in a notebook,0.4275,0.4946,0.4856,0.8979,נראה שהאמא מלמדת את הילדה משהו חשוב,The mother seems to be teaching the child something important.,0.7681,0.6663,0.6083,0.9162,0.3581
3_2_52,3,2,52,3_2,הילדה לומדת עם אמא שלה,The girl is studying with her mother.,תמונה זו מראה ילד כותב במחברת,This image shows a child writing in a notebook,0.4275,0.4946,0.4856,0.8979,נראה שתהליך הלמידה בתמונה שבחרתי הושלם בהצלחה ונראה שהילדה נהנית מהלמידה,The process of learning in the picture I chose seems to have been completed successfully and the girl seems to enjoy learning,0.5443,0.4425,0.5124,0.892,0.4614
3_2_60,3,2,60,3_2,הילדה לומדת עם אמא שלה,The girl is studying with her mother.,תמונה זו מראה ילד כותב במחברת,This image shows a child writing in a notebook,0.4275,0.4946,0.4856,0.8979,זאת התמונה היחידה בעיניי שנותנת ביטוי באמת ללמידה של ילד באופן פרטני ומישהו מבוגר שמלווה אותו,It's the only picture in my mind that really expresses a child's learning individually and someone older who accompanies him.,0.4998,0.4589,0.3543,0.8756,0.5009
4_1_18,4,1,18,4_1,מערכת סולרית משתמשת בשמש כדי לייצר חשמל,Solar system uses the sun to generate electricity,תמונה זו מראה שני אנשים שעובדים על לוחות סולריים בשדה,This image shows two people working on solar panels in a field,0.5893,0.4233,0.5403,0.8868,לוחות סולריים ממחישים לי את האמירה הזאת,Solar panels illustrate this statement to me,0.7265,0.4457,0.6824,0.8889,0.5388
4_1_19,4,1,19,4_1,מערכת סולרית משתמשת בשמש כדי לייצר חשמל,Solar system uses the sun to generate electricity,תמונה זו מראה שני אנשים שעובדים על לוחות סולריים בשדה,This image shows two people working on solar panels in a field,0.5893,0.4233,0.5403,0.8868,"מערכת אקולגית בנויה משלבים, בתמונה שבחרתי ניתן לראות שמה שאנחנו מכירים בטבע בדיוק קורה. פרח פורח, מביא זחלים או חרקים שמתפתחים בסוף לדבורים (צוף ודבורה)","An algebraic system is constructed of phases, in the picture I chose you can see that what we know in nature is exactly happening. A flower blooms, brings larvae or insects that eventually develop into bees (float and bee)",0.2889,0.3759,0.2301,0.8431,0.3666
4_1_24,4,1,24,4_1,מערכת סולרית משתמשת בשמש כדי לייצר חשמל,Solar system uses the sun to generate electricity,תמונה זו מראה שני אנשים שעובדים על לוחות סולריים בשדה,This image shows two people working on solar panels in a field,0.5893,0.4233,0.5403,0.8868,הם מסבירים,They explain,0.1813,0.2556,0.1799,0.8643,0.2098
4_1_27,4,1,27,4_1,מערכת סולרית משתמשת בשמש כדי לייצר חשמל,Solar system uses the sun to generate electricity,תמונה זו מראה שני אנשים שעובדים על לוחות סולריים בשדה,This image shows two people working on solar panels in a field,0.5893,0.4233,0.5403,0.8868,זה מה שהרגיש לי לנכון,That's what I felt was right.,0.0549,0.3054,0.0569,0.8603,0.0535
4_1_44,4,1,44,4_1,מערכת סולרית משתמשת בשמש כדי לייצר חשמל,Solar system uses the sun to generate electricity,תמונה זו מראה שני אנשים שעובדים על לוחות סולריים בשדה,This image shows two people working on solar panels in a field,0.5893,0.4233,0.5403,0.8868,כשמדובר על מערכת אקולוגית זה ישר לוקח אותי לחשיבה על אנשים שעובדים בטכנולוגיה אקולוגית.,When it comes to ecosystems it straight takes me to thinking about people who work in ecological technology.,0.2979,0.3796,0.2254,0.8589,0.4538
4_2_19,4,2,19,4_2,כשיש שיתוף פעולה מערכת ההאבקה עובדת היטב,When there is cooperation the pollination system works well,התמונה הזו מראה דבורה על פרח.,This image shows a bee on a flower,0.0995,0.2036,0.3166,0.8636,"מערכת אקולגית בנויה משלבים, בתמונה שבחרתי ניתן לראות שמה שאנחנו מכירים בטבע בדיוק קורה. פרח פורח, מביא זחלים או חרקים שמתפתחים בסוף לדבורים (צוף ודבורה)","An algebraic system is constructed of phases, in the picture I chose you can see that what we know in nature is exactly happening. A flower blooms, brings larvae or insects that eventually develop into bees (float and bee)",0.4193,0.236,0.3973,0.8443,0.5959
4_2_21,4,2,21,4_2,כשיש שיתוף פעולה מערכת ההאבקה עובדת היטב,When there is cooperation the pollination system works well,התמונה הזו מראה דבורה על פרח.,This image shows a bee on a flower,0.0995,0.2036,0.3166,0.8636,הדבורה לוקחת את הצוף בלי דבורים אין חיים,The bee takes the nectar without bees There is no life,0.1827,0.221,0.419,0.8527,0.4831
4_2_22,4,2,22,4_2,כשיש שיתוף פעולה מערכת ההאבקה עובדת היטב,When there is cooperation the pollination system works well,התמונה הזו מראה דבורה על פרח.,This image shows a bee on a flower,0.0995,0.2036,0.3166,0.8636,כי רואים את הדבורה על הפרח וזה מראה בידיוק את התפקוד של המערכת האקולוגית,Because you see the bee on the flower and it shows exactly the function of the ecosystem,0.3475,0.3103,0.5108,0.869,0.6928
4_2_26,4,2,26,4_2,כשיש שיתוף פעולה מערכת ההאבקה עובדת היטב,When there is cooperation the pollination system works well,התמונה הזו מראה דבורה על פרח.,This image shows a bee on a flower,0.0995,0.2036,0.3166,0.8636,הדבורים מפתחים את המערכת האקולוגית וגורמים לפריחה של פרחים,Bees develop the ecosystem and cause flowers to bloom.,0.21,0.3198,0.5232,0.8782,0.5579
4_2_29,4,2,29,4_2,כשיש שיתוף פעולה מערכת ההאבקה עובדת היטב,When there is cooperation the pollination system works well,התמונה הזו מראה דבורה על פרח.,This image shows a bee on a flower,0.0995,0.2036,0.3166,0.8636,שחיים לא עוצרים וכל הזמן שיש יצור יש אפשרות עדין להתקדם ולחיות,That life doesn't stop and all the time there's a creature there's a subtle possibility to move forward and live,0.3303,0.1768,0.2364,0.8497,0.2605
4_2_32,4,2,32,4_2,כשיש שיתוף פעולה מערכת ההאבקה עובדת היטב,When there is cooperation the pollination system works well,התמונה הזו מראה דבורה על פרח.,This image shows a bee on a flower,0.0995,0.2036,0.3166,0.8636,הילדים הצליחו להגיע למסקנה בעצם ללא עזרה חיצונית,The children were able to reach a conclusion basically without outside help.,0.2147,0.1876,0.1085,0.8713,0.0556
4_2_35,4,2,35,4_2,כשיש שיתוף פעולה מערכת ההאבקה עובדת היטב,When there is cooperation the pollination system works well,התמונה הזו מראה דבורה על פרח.,This image shows a bee on a flower,0.0995,0.2036,0.3166,0.8636,הדבורה חלק מהמערכת וממנה יוצא בסוף הדבש,The bee is part of the system and comes out at the end of the honey,0.3601,0.263,0.4701,0.8699,0.7297
4_2_41,4,2,41,4_2,כשיש שיתוף פעולה מערכת ההאבקה עובדת היטב,When there is cooperation the pollination system works well,התמונה הזו מראה דבורה על פרח.,This image shows a bee on a flower,0.0995,0.2036,0.3166,0.8636,תמונה המשקפת את המחזור הטבעי של החיים,An image that reflects the natural cycle of life,0.2948,0.1014,0.3068,0.8759,0.4633
4_2_42,4,2,42,4_2,כשיש שיתוף פעולה מערכת ההאבקה עובדת היטב,When there is cooperation the pollination system works well,התמונה הזו מראה דבורה על פרח.,This image shows a bee on a flower,0.0995,0.2036,0.3166,0.8636,טבעי,Natural,0.3253,0.0659,0.2795,0.8469,0.275
4_2_45,4,2,45,4_2,כשיש שיתוף פעולה מערכת ההאבקה עובדת היטב,When there is cooperation the pollination system works well,התמונה הזו מראה דבורה על פרח.,This image shows a bee on a flower,0.0995,0.2036,0.3166,0.8636,"הדבורה מאביקה את הפרח, זה קשר הדדי בין יצורים חיים שמאפשר המשכיות למערכת האקולוגית","The bee pollinates the flower, it is a mutual link between living things that allows continuity to the ecosystem",0.4453,0.2969,0.7032,0.8762,0.7054
4_2_48,4,2,48,4_2,כשיש שיתוף פעולה מערכת ההאבקה עובדת היטב,When there is cooperation the pollination system works well,התמונה הזו מראה דבורה על פרח.,This image shows a bee on a flower,0.0995,0.2036,0.3166,0.8636,רואים שיש קשר בין הפרח לדבורה לכן זה נראה שהכל פועל כפי שמצופה,You see there's a connection between the flower and the bee. That's why it seems like everything is working as expected.,0.4833,0.3821,0.5912,0.8776,0.5661
4_2_49,4,2,49,4_2,כשיש שיתוף פעולה מערכת ההאבקה עובדת היטב,When there is cooperation the pollination system works well,התמונה הזו מראה דבורה על פרח.,This image shows a bee on a flower,0.0995,0.2036,0.3166,0.8636,הדבורה שותה את הצוף ולאחר מכן תפזר את האבקנים וככה יתרבו הצמחים. לכן אקולוגי ביותר,The bee drinks the nectar and then disperses the pollen and that's how the plants will reproduce.,0.2966,0.1651,0.5497,0.8719,0.6633
4_2_50,4,2,50,4_2,כשיש שיתוף פעולה מערכת ההאבקה עובדת היטב,When there is cooperation the pollination system works well,התמונה הזו מראה דבורה על פרח.,This image shows a bee on a flower,0.0995,0.2036,0.3166,0.8636,כאשר הכל עובד כרגיל,When everything works as usual,0.5598,0.4769,0.3056,0.8828,0.1248
4_2_52,4,2,52,4_2,כשיש שיתוף פעולה מערכת ההאבקה עובדת היטב,When there is cooperation the pollination system works well,התמונה הזו מראה דבורה על פרח.,This image shows a bee on a flower,0.0995,0.2036,0.3166,0.8636,"שילוב גם של בעלי החיים- הדבורה , וגם הפרחים שבעצם חיים בהרמוניה לפי מה שזה נראה","A combination of both the animals - the bee, and the flowers that actually live in harmony according to what it seems",0.4212,0.3249,0.6574,0.8557,0.588
4_2_57,4,2,57,4_2,כשיש שיתוף פעולה מערכת ההאבקה עובדת היטב,When there is cooperation the pollination system works well,התמונה הזו מראה דבורה על פרח.,This image shows a bee on a flower,0.0995,0.2036,0.3166,0.8636,נראתה כפעולה יש 2 גורמים,Appeared to be an action There are 2 factors,0.4851,0.3049,0.182,0.848,0.2912
4_2_58,4,2,58,4_2,כשיש שיתוף פעולה מערכת ההאבקה עובדת היטב,When there is cooperation the pollination system works well,התמונה הזו מראה דבורה על פרח.,This image shows a bee on a flower,0.0995,0.2036,0.3166,0.8636,הדבורה והפרח הם דוגמה לקשר הדדי של האבקה. הדבורה מקבלת צוף כמקור מזון ובמקביל היא מסייעת לצמח בתהליך הרבייה. זה תהליך טבעי שממחיש היטב איך יצורים שונים תומכים אחד בשני ושומרים על איזון המערכת האקולוגית.,The bee and the flower are examples of a mutual bond of pollen. The bee receives nectar as a food source and at the same time assists the plant in the process of reproduction. It is a natural process that demonstrates well how different creatures support each other and maintain the balance of the ecosystem.,0.4853,0.3476,0.6634,0.8532,0.6677
4_2_59,4,2,59,4_2,כשיש שיתוף פעולה מערכת ההאבקה עובדת היטב,When there is cooperation the pollination system works well,התמונה הזו מראה דבורה על פרח.,This image shows a bee on a flower,0.0995,0.2036,0.3166,0.8636,בחרתי בתמונה של הדבורה שיונקת צוף כי בה ניתן לראות את המערכת בזמן פעולה.,I chose the picture of the bee that sucks nectar because in it the system can be seen at the time of action.,0.3776,0.279,0.4279,0.8624,0.5556
4_2_60,4,2,60,4_2,כשיש שיתוף פעולה מערכת ההאבקה עובדת היטב,When there is cooperation the pollination system works well,התמונה הזו מראה דבורה על פרח.,This image shows a bee on a flower,0.0995,0.2036,0.3166,0.8636,ניתן לראות בה אקולוגיה דבורה מוצצת צוף מהפרח..,It can be seen in ecology as a bee sucking nectar from the flower..,0.2703,0.111,0.4161,0.8581,0.8425
4_2_61,4,2,61,4_2,כשיש שיתוף פעולה מערכת ההאבקה עובדת היטב,When there is cooperation the pollination system works well,התמונה הזו מראה דבורה על פרח.,This image shows a bee on a flower,0.0995,0.2036,0.3166,0.8636,בגלל הדבורה שפונה לפרח על מנת לקחת צוף להכנת דבש,Because of the bee that faces the flower in order to take nectar for making honey,0.307,0.1726,0.505,0.8479,0.7869
4_2_62,4,2,62,4_2,כשיש שיתוף פעולה מערכת ההאבקה עובדת היטב,When there is cooperation the pollination system works well,התמונה הזו מראה דבורה על פרח.,This image shows a bee on a flower,0.0995,0.2036,0.3166,0.8636,כיוון שיש סימביוזה בין הפרח לדבורה,Since there is symbiosis between the flower and the bee,0.3581,0.4106,0.5899,0.8812,0.6876
4_2_8,4,2,8,4_2,כשיש שיתוף פעולה מערכת ההאבקה עובדת היטב,When there is cooperation the pollination system works well,התמונה הזו מראה דבורה על פרח.,This image shows a bee on a flower,0.0995,0.2036,0.3166,0.8636,נראתה כפעולה יש 2 גורמים,Appeared to be an action There are 2 factors,0.4851,0.3049,0.182,0.848,0.2912
5_1_18,5,1,18,5_1,שתי מערכות שמאפשרות זרימה טובה בין החלקים השונים של המערכת,Two systems that allow good flow between the different parts of the system,"התמונה הזאת מראה את אותה הסצנה, אבל עם בעלי חיים שונים","This image shows the same scene, but with different animals",0.2949,0.3875,0.209,0.8753,תמונה 1 מראה לי כמו עולמות מקבילים שכן מסתמכים על אותו עיקרון,Image 1 shows me like parallel worlds since relying on the same principle,0.4044,0.3661,0.4057,0.8496,0.6433
5_1_36,5,1,36,5_1,שתי מערכות שמאפשרות זרימה טובה בין החלקים השונים של המערכת,Two systems that allow good flow between the different parts of the system,"התמונה הזאת מראה את אותה הסצנה, אבל עם בעלי חיים שונים","This image shows the same scene, but with different animals",0.2949,0.3875,0.209,0.8753,התמונה מראה איך העולם השתנה והתפתח אבל עדיין מי שרוצה לנוח ולהרגיש בשלווה חוזר לטבע,The picture shows how the world has changed and evolved but still those who want to rest and feel at peace return to nature,0.3152,0.2335,0.2426,0.8627,0.4263
5_2_11,5,2,11,5_2,שתי המערכות מראות שיתוף פעולה בין חלקי המערכת כדי שהמערכת תתפקד היטב,Both systems show cooperation between the parts of the system so that the system will function well,תמונה זו מראה דבורים במפעל דבש וכוורת,This image shows bees in a honey factory and a beehive,0.1896,0.2902,0.1786,0.8518,שתיהן מייצרות את אותו הדבר,They both produce the same thing.,0.4805,0.464,0.413,0.8866,0.3736
5_2_13,5,2,13,5_2,שתי המערכות מראות שיתוף פעולה בין חלקי המערכת כדי שהמערכת תתפקד היטב,Both systems show cooperation between the parts of the system so that the system will function well,תמונה זו מראה דבורים במפעל דבש וכוורת,This image shows bees in a honey factory and a beehive,0.1896,0.2902,0.1786,0.8518,כי שני המערכות האלו דומות כשיש להן מטרה משותפת,Because these two systems are similar when they have a common goal.,0.7679,0.646,0.7309,0.8936,0.1552
5_2_20,5,2,20,5_2,שתי המערכות מראות שיתוף פעולה בין חלקי המערכת כדי שהמערכת תתפקד היטב,Both systems show cooperation between the parts of the system so that the system will function well,תמונה זו מראה דבורים במפעל דבש וכוורת,This image shows bees in a honey factory and a beehive,0.1896,0.2902,0.1786,0.8518,מערכות דומות זה דבורה שעובדת ומפעל שעובד זה די אותו דבר,Similar systems It's a worker bee and a factory that works It's pretty much the same,0.503,0.4813,0.4849,0.8707,0.5872
5_2_23,5,2,23,5_2,שתי המערכות מראות שיתוף פעולה בין חלקי המערכת כדי שהמערכת תתפקד היטב,Both systems show cooperation between the parts of the system so that the system will function well,תמונה זו מראה דבורים במפעל דבש וכוורת,This image shows bees in a honey factory and a beehive,0.1896,0.2902,0.1786,0.8518,בדומה לדוברים העובדים בשיתוף פעולה כך גם בארגונים וצוותים,"Like speakers working collaboratively, so do organizations and teams.",0.5697,0.3914,0.4631,0.8714,0.4034
5_2_29,5,2,29,5_2,שתי המערכות מראות שיתוף פעולה בין חלקי המערכת כדי שהמערכת תתפקד היטב,Both systems show cooperation between the parts of the system so that the system will function well,תמונה זו מראה דבורים במפעל דבש וכוורת,This image shows bees in a honey factory and a beehive,0.1896,0.2902,0.1786,0.8518,הדסורות דומות למכונות שעבדות ללא הפשקה,The sawdusts are similar to machines that work without the pashka,0.4143,0.2869,0.2264,0.8591,0.4711
5_2_35,5,2,35,5_2,שתי המערכות מראות שיתוף פעולה בין חלקי המערכת כדי שהמערכת תתפקד היטב,Both systems show cooperation between the parts of the system so that the system will function well,תמונה זו מראה דבורים במפעל דבש וכוורת,This image shows bees in a honey factory and a beehive,0.1896,0.2902,0.1786,0.8518,דבורים עובדות בקצב כמו מכונות,Bees work at a pace like machines,0.3296,0.369,0.2782,0.8776,0.4203
5_2_37,5,2,37,5_2,שתי המערכות מראות שיתוף פעולה בין חלקי המערכת כדי שהמערכת תתפקד היטב,Both systems show cooperation between the parts of the system so that the system will function well,תמונה זו מראה דבורים במפעל דבש וכוורת,This image shows bees in a honey factory and a beehive,0.1896,0.2902,0.1786,0.8518,עובדים במרץ ומסודר.,Working hard and orderly.,0.4207,0.2516,0.2907,0.8701,0.4119
5_2_46,5,2,46,5_2,שתי המערכות מראות שיתוף פעולה בין חלקי המערכת כדי שהמערכת תתפקד היטב,Both systems show cooperation between the parts of the system so that the system will function well,תמונה זו מראה דבורים במפעל דבש וכוורת,This image shows bees in a honey factory and a beehive,0.1896,0.2902,0.1786,0.8518,מערכת אחת - מפעל יצרני ומערכת שנייה - כוורת של דבורים העובדים יחד. 2 המערכות מיצרות מוצר סופי על ידי שיתוף פעולה בין מספר גורמים.,One system - a manufacturing plant and a second system - a beehive of bees working together. The 2 systems produce a final product by collaboration between a number of factors.,0.6614,0.5655,0.6619,0.8736,0.4607
5_2_48,5,2,48,5_2,שתי המערכות מראות שיתוף פעולה בין חלקי המערכת כדי שהמערכת תתפקד היטב,Both systems show cooperation between the parts of the system so that the system will function well,תמונה זו מראה דבורים במפעל דבש וכוורת,This image shows bees in a honey factory and a beehive,0.1896,0.2902,0.1786,0.8518,אין סיבה ספציפית,There is no specific reason,0.1397,0.206,0.1462,0.8594,0.1874
5_2_49,5,2,49,5_2,שתי המערכות מראות שיתוף פעולה בין חלקי המערכת כדי שהמערכת תתפקד היטב,Both systems show cooperation between the parts of the system so that the system will function well,תמונה זו מראה דבורים במפעל דבש וכוורת,This image shows bees in a honey factory and a beehive,0.1896,0.2902,0.1786,0.8518,הדבורים מייצרות דבש והרובוטים עובדים,Bees make honey and robots work.,0.3034,0.3032,0.3177,0.8588,0.7554
5_2_52,5,2,52,5_2,שתי המערכות מראות שיתוף פעולה בין חלקי המערכת כדי שהמערכת תתפקד היטב,Both systems show cooperation between the parts of the system so that the system will function well,תמונה זו מראה דבורים במפעל דבש וכוורת,This image shows bees in a honey factory and a beehive,0.1896,0.2902,0.1786,0.8518,גם במפעל וגם בכוורת בתמונה הזו אני רואה 2 עולמות ששניהם היררכים ויש בהם  תהליכי עבודה וחלוקת תפקידים כדי שהמערכת תתפקד,In both the factory and the hive in this picture I see 2 worlds that are both soft and have work processes and division of roles for the system to function,0.6506,0.5786,0.4945,0.8798,0.513
5_2_53,5,2,53,5_2,שתי המערכות מראות שיתוף פעולה בין חלקי המערכת כדי שהמערכת תתפקד היטב,Both systems show cooperation between the parts of the system so that the system will function well,תמונה זו מראה דבורים במפעל דבש וכוורת,This image shows bees in a honey factory and a beehive,0.1896,0.2902,0.1786,0.8518,בתמונה מוצגות 2 מערכות של פסי ייצור בדרכים ובעולמות שונים.,The image shows 2 sets of production lines on different roads and worlds.,0.4308,0.4644,0.2532,0.8634,0.5243
5_2_54,5,2,54,5_2,שתי המערכות מראות שיתוף פעולה בין חלקי המערכת כדי שהמערכת תתפקד היטב,Both systems show cooperation between the parts of the system so that the system will function well,תמונה זו מראה דבורים במפעל דבש וכוורת,This image shows bees in a honey factory and a beehive,0.1896,0.2902,0.1786,0.8518,מצד שמאל רואים דבורים שמייצרים דבש ומצד ימין תהליך ייצור מפעלי,On the left you see bees producing honey and on the right the process of manufacturing factories.,0.2693,0.3026,0.2407,0.8639,0.852
5_2_58,5,2,58,5_2,שתי המערכות מראות שיתוף פעולה בין חלקי המערכת כדי שהמערכת תתפקד היטב,Both systems show cooperation between the parts of the system so that the system will function well,תמונה זו מראה דבורים במפעל דבש וכוורת,This image shows bees in a honey factory and a beehive,0.1896,0.2902,0.1786,0.8518,התמונה מראה בצורה ברורה את ההקבלה בין מבנה חברתי ותפקודי של דבורים בכוורת לבין מבנה ותפקוד של בני אדם בארגון. שניהם פועלים כיחידה מאורגנת עם תיאום ותפקידים מוגדרים. וזה ממחיש היטב את רעיון המערכות הדומות.,The picture clearly shows the parallel between the social and functional structure of bees in a hive and the structure and function of humans in an organization. Both operate as an organized unit with defined coordination and roles. And this illustrates the idea of similar systems.,0.5394,0.525,0.5032,0.8745,0.2892
5_2_61,5,2,61,5_2,שתי המערכות מראות שיתוף פעולה בין חלקי המערכת כדי שהמערכת תתפקד היטב,Both systems show cooperation between the parts of the system so that the system will function well,תמונה זו מראה דבורים במפעל דבש וכוורת,This image shows bees in a honey factory and a beehive,0.1896,0.2902,0.1786,0.8518,בכוורת לדבורים יש תפקידים מוגדרים וכל אחת עושה את התפקיד שלה. בדומה למפעל שנראה כמו פס הרכבה טורי שכל אחד עשה את העבודה בעמדה שלו לא מעבר,"Bee hives have defined roles and each one does its job, similar to a factory that looks like a serial assembly line that everyone has done the job in their own position.",0.4044,0.3225,0.3258,0.8607,0.5088
5_2_62,5,2,62,5_2,שתי המערכות מראות שיתוף פעולה בין חלקי המערכת כדי שהמערכת תתפקד היטב,Both systems show cooperation between the parts of the system so that the system will function well,תמונה זו מראה דבורים במפעל דבש וכוורת,This image shows bees in a honey factory and a beehive,0.1896,0.2902,0.1786,0.8518,"לפי דרך השלילה, שלושת התמונות שהן לא תמונה 2 אינן משקפות מערכות דומות לדעתי בעוד תמונה 2 משקפת.","According to the negative, the three images that are not image 2 do not reflect similar systems in my opinion while image 2 does.",0.2567,0.439,0.2347,0.8628,0.1925
5_2_8,5,2,8,5_2,שתי המערכות מראות שיתוף פעולה בין חלקי המערכת כדי שהמערכת תתפקד היטב,Both systems show cooperation between the parts of the system so that the system will function well,תמונה זו מראה דבורים במפעל דבש וכוורת,This image shows bees in a honey factory and a beehive,0.1896,0.2902,0.1786,0.8518,כוורת של דבורים אל מול עבודת רובוטים,Bee hives in the face of robot work,0.2929,0.2439,0.2441,0.8634,0.4526
6_1_29,6,1,29,6_1,קבוצת מטיילים צועדת יחד במסלול ומצליחה להתקדם,A group of hikers walking together on the route and making progress,התמונה הזאת מראה אנשים הולכים בדרך ביער,This image shows people walking down a path in the woods,0.6852,0.4392,0.7688,0.8996,שאולכם ביחד אפשר גם יעזור יותר לגשם היעדים,Having them together can also help more to the rain destinations,0.401,0.3673,0.2901,0.8534,0.3176
6_1_41,6,1,41,6_1,קבוצת מטיילים צועדת יחד במסלול ומצליחה להתקדם,A group of hikers walking together on the route and making progress,התמונה הזאת מראה אנשים הולכים בדרך ביער,This image shows people walking down a path in the woods,0.6852,0.4392,0.7688,0.8996,"הם הולכים יחד בשביל, שכנראה מוביל אל היעד.","They go together on a path, which probably leads to the destination.",0.7673,0.5231,0.6329,0.8818,0.528
6_1_44,6,1,44,6_1,קבוצת מטיילים צועדת יחד במסלול ומצליחה להתקדם,A group of hikers walking together on the route and making progress,התמונה הזאת מראה אנשים הולכים בדרך ביער,This image shows people walking down a path in the woods,0.6852,0.4392,0.7688,0.8996,כי לקבוצה היה יעד להגיע למקום מבוקשם והם ממש בדרך לשם.,Because the team had a goal to get to where they wanted and they're right on their way there.,0.605,0.4656,0.4117,0.8646,0.3223
6_1_46,6,1,46,6_1,קבוצת מטיילים צועדת יחד במסלול ומצליחה להתקדם,A group of hikers walking together on the route and making progress,התמונה הזאת מראה אנשים הולכים בדרך ביער,This image shows people walking down a path in the woods,0.6852,0.4392,0.7688,0.8996,"הקבוצה כבר מרימה בידיים את המזוודות ולא גוררת אותן, לכן קרובה מאוד ליעד.","The group already picks up the suitcases and does not drag them, so very close to the destination.",0.4831,0.4552,0.2069,0.867,0.3127
6_2_11,6,2,11,6_2,צוות חותר בסירה בקצב אחיד. מה שמביא להתקדמות שלו,"A crew rows the boat at a steady pace, which results in its progress.",תמונה זו מראה אנשים חתירה בסירה על המים,This image shows people rowing in a boat on the water,0.6858,0.4048,0.6344,0.8959,יש שיטת התקדמות שכולם שותפים בה,There is a method of progress that everyone participates in.,0.5078,0.4712,0.37,0.8868,0.2549
6_2_13,6,2,13,6_2,צוות חותר בסירה בקצב אחיד. מה שמביא להתקדמות שלו,"A crew rows the boat at a steady pace, which results in its progress.",תמונה זו מראה אנשים חתירה בסירה על המים,This image shows people rowing in a boat on the water,0.6858,0.4048,0.6344,0.8959,לקבוצה יש מטרה אחת משותפת והם מתקדמים בזכות אחת  השני,The team has one common goal and they're making progress thanks to one another.,0.6172,0.6111,0.4698,0.8837,0.3186
6_2_14,6,2,14,6_2,צוות חותר בסירה בקצב אחיד. מה שמביא להתקדמות שלו,"A crew rows the boat at a steady pace, which results in its progress.",תמונה זו מראה אנשים חתירה בסירה על המים,This image shows people rowing in a boat on the water,0.6858,0.4048,0.6344,0.8959,מגיעים יחד לסוף היעד בשיתוף,Reaching the end of a shared goal,0.5042,0.3885,0.3062,0.876,0.4782
6_2_19,6,2,19,6_2,צוות חותר בסירה בקצב אחיד. מה שמביא להתקדמות שלו,"A crew rows the boat at a steady pace, which results in its progress.",תמונה זו מראה אנשים חתירה בסירה על המים,This image shows people rowing in a boat on the water,0.6858,0.4048,0.6344,0.8959,קבוצה שמצליחה להתקדם לעבר היעד הבא זה שיש כיוון אחד שכולם בוחרים בו והולכים לפיו ומסייעים לה לקרות.,A group that succeeds in moving towards the next goal is that there is one direction that everyone chooses and follows and helps happen.,0.5964,0.5479,0.4727,0.8671,0.3086
6_2_24,6,2,24,6_2,צוות חותר בסירה בקצב אחיד. מה שמביא להתקדמות שלו,"A crew rows the boat at a steady pace, which results in its progress.",תמונה זו מראה אנשים חתירה בסירה על המים,This image shows people rowing in a boat on the water,0.6858,0.4048,0.6344,0.8959,נראה כמו תחרות שהמטרה להגיע לקצה,Looks like a competition that aims to reach the edge,0.4586,0.3329,0.2792,0.8735,0.3789
6_2_26,6,2,26,6_2,צוות חותר בסירה בקצב אחיד. מה שמביא להתקדמות שלו,"A crew rows the boat at a steady pace, which results in its progress.",תמונה זו מראה אנשים חתירה בסירה על המים,This image shows people rowing in a boat on the water,0.6858,0.4048,0.6344,0.8959,לדעתי משוקף עבודה כקבוצה,In my opinion reflected work as a group,0.4737,0.3238,0.2702,0.8561,0.3358
6_2_35,6,2,35,6_2,צוות חותר בסירה בקצב אחיד. מה שמביא להתקדמות שלו,"A crew rows the boat at a steady pace, which results in its progress.",תמונה זו מראה אנשים חתירה בסירה על המים,This image shows people rowing in a boat on the water,0.6858,0.4048,0.6344,0.8959,כולם עוזרים ביחד להגיע ליעד,They all help together to reach their goal.,0.6129,0.4255,0.4247,0.8864,0.4765
6_2_37,6,2,37,6_2,צוות חותר בסירה בקצב אחיד. מה שמביא להתקדמות שלו,"A crew rows the boat at a steady pace, which results in its progress.",תמונה זו מראה אנשים חתירה בסירה על המים,This image shows people rowing in a boat on the water,0.6858,0.4048,0.6344,0.8959,שיתוף פעולה.,Collaboration.,0.4032,0.303,0.2104,0.8702,0.4154
6_2_50,6,2,50,6_2,צוות חותר בסירה בקצב אחיד. מה שמביא להתקדמות שלו,"A crew rows the boat at a steady pace, which results in its progress.",תמונה זו מראה אנשים חתירה בסירה על המים,This image shows people rowing in a boat on the water,0.6858,0.4048,0.6344,0.8959,זאת התמונה היחידה שמראה שכל קבוצה ביחד וממשיכים קדימה,This is the only picture that shows that each group together and moving forward,0.6129,0.4713,0.4727,0.8764,0.4462
6_2_52,6,2,52,6_2,צוות חותר בסירה בקצב אחיד. מה שמביא להתקדמות שלו,"A crew rows the boat at a steady pace, which results in its progress.",תמונה זו מראה אנשים חתירה בסירה על המים,This image shows people rowing in a boat on the water,0.6858,0.4048,0.6344,0.8959,"רק בתמונה הזו אני באמת רואה שיתוף פעולה וצוות , אף אחד לא יכול להמשיך בלי חברי הקבוצה שלו הלאה ולהגיע לקו הסיום","Only in this picture do I really see cooperation and a team, no one can go on without his teammates on and get to the finish line",0.5512,0.4015,0.325,0.8507,0.4502
6_2_53,6,2,53,6_2,צוות חותר בסירה בקצב אחיד. מה שמביא להתקדמות שלו,"A crew rows the boat at a steady pace, which results in its progress.",תמונה זו מראה אנשים חתירה בסירה על המים,This image shows people rowing in a boat on the water,0.6858,0.4048,0.6344,0.8959,בכל שאר התמונות ייתכן ויש פערים או בודדים שהם חלק מהקבוצה ולא רואים אם הם התקדמו או נשארו מאחור. בתמונה 2 בוודאות כולם מתקדמים יחד,In all other images there may be gaps or individuals who are part of the group and do not see if they have progressed or stayed behind.,0.341,0.3483,0.2089,0.8489,0.4146
6_2_54,6,2,54,6_2,צוות חותר בסירה בקצב אחיד. מה שמביא להתקדמות שלו,"A crew rows the boat at a steady pace, which results in its progress.",תמונה זו מראה אנשים חתירה בסירה על המים,This image shows people rowing in a boat on the water,0.6858,0.4048,0.6344,0.8959,רואים את השיתוף פעולה והסינכרון בין המשוטים,See the collaboration and synchronization between the oars,0.4618,0.2586,0.4904,0.8749,0.3832
6_2_58,6,2,58,6_2,צוות חותר בסירה בקצב אחיד. מה שמביא להתקדמות שלו,"A crew rows the boat at a steady pace, which results in its progress.",תמונה זו מראה אנשים חתירה בסירה על המים,This image shows people rowing in a boat on the water,0.6858,0.4048,0.6344,0.8959,"התמונה מייצגת בצורה הכי טובה לעומת שאר התמונות את רעיון שיתוף הפעולה, התיאום והמאמץ המשותף. כל אחד מהחברי טורם את חלקו ורק ביחד הם יצליחו להתקדם ולהגיע ליעד.","The image best represents the idea of cooperation, coordination and joint effort. Each of the members does their part and only together will they succeed in moving forward and reaching the goal.",0.4867,0.3954,0.3767,0.8731,0.4774
6_2_59,6,2,59,6_2,צוות חותר בסירה בקצב אחיד. מה שמביא להתקדמות שלו,"A crew rows the boat at a steady pace, which results in its progress.",תמונה זו מראה אנשים חתירה בסירה על המים,This image shows people rowing in a boat on the water,0.6858,0.4048,0.6344,0.8959,בחרתי בתמונה של קבוצת האנשים בסירת המשוטים משום שהם מתקדמים לעבר המטרה יחד בתור קבוצה שפועלת בעבודת צוות.,I chose the picture of the group of people in the rowboat because they are moving towards the goal together as a team working group.,0.6233,0.5356,0.6749,0.8869,0.5846
6_2_61,6,2,61,6_2,צוות חותר בסירה בקצב אחיד. מה שמביא להתקדמות שלו,"A crew rows the boat at a steady pace, which results in its progress.",תמונה זו מראה אנשים חתירה בסירה על המים,This image shows people rowing in a boat on the water,0.6858,0.4048,0.6344,0.8959,בקבוצת חותרים יש אלמנט מרכזי של סנכרון. לכן זו משימה קבוצתית,The rowers group has a central element of synchronization. Therefore it is a group task,0.4039,0.4236,0.5901,0.8768,0.2311
6_2_62,6,2,62,6_2,צוות חותר בסירה בקצב אחיד. מה שמביא להתקדמות שלו,"A crew rows the boat at a steady pace, which results in its progress.",תמונה זו מראה אנשים חתירה בסירה על המים,This image shows people rowing in a boat on the water,0.6858,0.4048,0.6344,0.8959,תמונה 2 הכי משקפת לדעתי את המילה קבוצה קודם כל. המשוטים שלהם מחוץ למים כנראה הגיעו אל היעד בעוד בתמונות האחרות האנשים עדיין בתנועה.,Figure 2 most reflects the word group in my opinion first of all. Their oars out of the water probably reached the target while in the other pictures the people are still on the move.,0.6249,0.352,0.4826,0.8658,0.5109
7_1_!4,7,1,!4,7_1,"כל אחד רואה את המציאות , גם של עצמו, בדרך מסויימת","Everyone sees reality, even of themselves, in a certain way.",התמונה הזו מראה אדם שמסתכל על עצמו במראה.,This image shows a man looking at himself in a mirror,0.3657,0.5498,0.242,0.8773,אם הוא ורואה את עצמו שונה ממה שהוא זה מה שהוא ישקף לסביבה שלו,"If he sees himself as different from what he is, that's what he'll reflect into his environment.",0.6808,0.5084,0.4872,0.8804,0.532
7_1_11,7,1,11,7_1,"כל אחד רואה את המציאות , גם של עצמו, בדרך מסויימת","Everyone sees reality, even of themselves, in a certain way.",התמונה הזו מראה אדם שמסתכל על עצמו במראה.,This image shows a man looking at himself in a mirror,0.3657,0.5498,0.242,0.8773,איך אני בוחר לראות עצמי במראה,How do I choose to see myself in the mirror?,0.5443,0.5181,0.4072,0.8999,0.5661
7_1_18,7,1,18,7_1,"כל אחד רואה את המציאות , גם של עצמו, בדרך מסויימת","Everyone sees reality, even of themselves, in a certain way.",התמונה הזו מראה אדם שמסתכל על עצמו במראה.,This image shows a man looking at himself in a mirror,0.3657,0.5498,0.242,0.8773,מחזקת שמה שנבחר לראות במראה זה מה שנאמין שנכון,Strengthening that what we choose to see in the mirror is what we believe is right,0.6546,0.3434,0.4591,0.8632,0.4758
7_1_21,7,1,21,7_1,"כל אחד רואה את המציאות , גם של עצמו, בדרך מסויימת","Everyone sees reality, even of themselves, in a certain way.",התמונה הזו מראה אדם שמסתכל על עצמו במראה.,This image shows a man looking at himself in a mirror,0.3657,0.5498,0.242,0.8773,הוא מסתכל במראה ורואה את עצמו,He looks in the mirror and sees himself.,0.4702,0.6364,0.3367,0.8876,0.8896
7_1_22,7,1,22,7_1,"כל אחד רואה את המציאות , גם של עצמו, בדרך מסויימת","Everyone sees reality, even of themselves, in a certain way.",התמונה הזו מראה אדם שמסתכל על עצמו במראה.,This image shows a man looking at himself in a mirror,0.3657,0.5498,0.242,0.8773,איך שאני מסתכלת במראה ומה שאני רואה ככה זו באמת ההשתקפות,The way I look in the mirror and what I see that way is really the reflection,0.6356,0.4915,0.5001,0.8728,0.6052
7_1_23,7,1,23,7_1,"כל אחד רואה את המציאות , גם של עצמו, בדרך מסויימת","Everyone sees reality, even of themselves, in a certain way.",התמונה הזו מראה אדם שמסתכל על עצמו במראה.,This image shows a man looking at himself in a mirror,0.3657,0.5498,0.242,0.8773,רואים אדם פשוט אך הוא יכול לראות את עצמו הרבה יותר וכך גם כלפיי חוץ לטוב או לרע,You see a simple person but he can see himself much more and so can I except for good or evil.,0.6382,0.5583,0.5299,0.8726,0.558
7_1_27,7,1,27,7_1,"כל אחד רואה את המציאות , גם של עצמו, בדרך מסויימת","Everyone sees reality, even of themselves, in a certain way.",התמונה הזו מראה אדם שמסתכל על עצמו במראה.,This image shows a man looking at himself in a mirror,0.3657,0.5498,0.242,0.8773,כי יש מראה ששונה ממה שהוא רואה במציאות,Because there is a mirror that is different from what it sees in reality.,0.6702,0.557,0.4914,0.8851,0.4788
7_1_29,7,1,29,7_1,"כל אחד רואה את המציאות , גם של עצמו, בדרך מסויימת","Everyone sees reality, even of themselves, in a certain way.",התמונה הזו מראה אדם שמסתכל על עצמו במראה.,This image shows a man looking at himself in a mirror,0.3657,0.5498,0.242,0.8773,הרבה פעמים להבין המציאות זה משפיע המון על הרבה החלטות ולא רק על מה שאני רואה,It affects a lot of decisions and not just what I see.,0.7275,0.4789,0.4657,0.887,0.2539
7_1_35,7,1,35,7_1,"כל אחד רואה את המציאות , גם של עצמו, בדרך מסויימת","Everyone sees reality, even of themselves, in a certain way.",התמונה הזו מראה אדם שמסתכל על עצמו במראה.,This image shows a man looking at himself in a mirror,0.3657,0.5498,0.242,0.8773,איך שאני תופס את עצמי במציאות זה מי שאני,How I perceive myself in reality is who I am.,0.663,0.6136,0.6356,0.909,0.3574
7_1_41,7,1,41,7_1,"כל אחד רואה את המציאות , גם של עצמו, בדרך מסויימת","Everyone sees reality, even of themselves, in a certain way.",התמונה הזו מראה אדם שמסתכל על עצמו במראה.,This image shows a man looking at himself in a mirror,0.3657,0.5498,0.242,0.8773,"מראה היא שיקוף, הוא רואה עצמו מדען למרות שבפועל הוא לא לובש חלוק, הכול בראשו של המתבונן.","Mirror is mirrored, he sees himself as a scientist even though in practice he is not wearing a robe, all in the mind of the beholder.",0.3744,0.4208,0.3295,0.8739,0.6479
7_1_44,7,1,44,7_1,"כל אחד רואה את המציאות , גם של עצמו, בדרך מסויימת","Everyone sees reality, even of themselves, in a certain way.",התמונה הזו מראה אדם שמסתכל על עצמו במראה.,This image shows a man looking at himself in a mirror,0.3657,0.5498,0.242,0.8773,לדוגמה בתמונה הנל האדם רואה את עצמו בעתיד רופא ובזכות כך הוא הוא גורם למציאות הזאת לקרות.,For example in the above picture the person sees himself as a doctor in the future and thanks to this he makes this reality happen.,0.5494,0.4735,0.4099,0.8769,0.4885
7_1_46,7,1,46,7_1,"כל אחד רואה את המציאות , גם של עצמו, בדרך מסויימת","Everyone sees reality, even of themselves, in a certain way.",התמונה הזו מראה אדם שמסתכל על עצמו במראה.,This image shows a man looking at himself in a mirror,0.3657,0.5498,0.242,0.8773,"נראה אדם שרואה את עצמו כמדען במראה, למרות שלבוש אחרת, כלומר האמונה שלו בעצמו או הידע שלו גורמים לו להיראות כך תמיד בעיניו.","A man seems to see himself as a scientist in a mirror, although a different dress, i.e. his belief in himself or his knowledge always makes him look that way in his eyes.",0.5823,0.6019,0.423,0.88,0.7177
7_1_50,7,1,50,7_1,"כל אחד רואה את המציאות , גם של עצמו, בדרך מסויימת","Everyone sees reality, even of themselves, in a certain way.",התמונה הזו מראה אדם שמסתכל על עצמו במראה.,This image shows a man looking at himself in a mirror,0.3657,0.5498,0.242,0.8773,זאת הכי מתאימה כי מה אני רואה בעצמי משפיע עליי,It's best because what I see in myself affects me.,0.6923,0.4652,0.513,0.8936,0.37
7_1_52,7,1,52,7_1,"כל אחד רואה את המציאות , גם של עצמו, בדרך מסויימת","Everyone sees reality, even of themselves, in a certain way.",התמונה הזו מראה אדם שמסתכל על עצמו במראה.,This image shows a man looking at himself in a mirror,0.3657,0.5498,0.242,0.8773,בנאדם מול המראה מסתכל ואולי רואה את החלום שלו ומאמין בעצמו ולכן כאילו רואה חלוק רופאין למרות שבמציאות  הוא ממש לא לבוש ככה,A man in front of a mirror looks and maybe sees his dream and believes in himself and so it's as if he sees a robe of medicine even though in reality he's really not dressed like that.,0.5441,0.5728,0.3493,0.8709,0.7757
7_1_53,7,1,53,7_1,"כל אחד רואה את המציאות , גם של עצמו, בדרך מסויימת","Everyone sees reality, even of themselves, in a certain way.",התמונה הזו מראה אדם שמסתכל על עצמו במראה.,This image shows a man looking at himself in a mirror,0.3657,0.5498,0.242,0.8773,"כשאני מבין את המציאות בצורה מסוימת אני רואה את הדברים בהתאם. אם אני מבין כימיה או חומרים(על פי התמונה 1) אז אני בעצם רואה את הדברים בצורה אחרת, עם המשמעות שלהם ודברים עמוקים יותר שאחרים לא רואים.","When I understand reality in a certain way I see things accordingly. If I understand chemistry or materials (by image 1) then I actually see things in a different way, with their meaning and deeper things that others don't.",0.6815,0.5472,0.6398,0.8933,0.2384
7_1_57,7,1,57,7_1,"כל אחד רואה את המציאות , גם של עצמו, בדרך מסויימת","Everyone sees reality, even of themselves, in a certain way.",התמונה הזו מראה אדם שמסתכל על עצמו במראה.,This image shows a man looking at himself in a mirror,0.3657,0.5498,0.242,0.8773,רואה את עצמו במקום שהוא חולם,He sees himself where he dreams.,0.533,0.5666,0.3791,0.8988,0.5784
7_1_59,7,1,59,7_1,"כל אחד רואה את המציאות , גם של עצמו, בדרך מסויימת","Everyone sees reality, even of themselves, in a certain way.",התמונה הזו מראה אדם שמסתכל על עצמו במראה.,This image shows a man looking at himself in a mirror,0.3657,0.5498,0.242,0.8773,בחרתי בתמונה של האדם שמביט בבואתו במראה משום שמה שהאדם רואה במראה זה לא מה שאנחנו רואים מהצד. הדרך שבה הוא רואה את עצמו זה מה שמשנה.,I chose the picture of the person looking at his image in the mirror because what the person sees in the mirror is not what we see on the side. The way he sees himself is what matters.,0.5969,0.4788,0.4104,0.8707,0.615
7_1_60,7,1,60,7_1,"כל אחד רואה את המציאות , גם של עצמו, בדרך מסויימת","Everyone sees reality, even of themselves, in a certain way.",התמונה הזו מראה אדם שמסתכל על עצמו במראה.,This image shows a man looking at himself in a mirror,0.3657,0.5498,0.242,0.8773,בתמונה נראה אדם שהמראה לא מציגה את מה שהוא לובש,"In the picture, a man looks like the mirror doesn't show what he's wearing.",0.319,0.4723,0.1489,0.8677,0.7104
7_1_61,7,1,61,7_1,"כל אחד רואה את המציאות , גם של עצמו, בדרך מסויימת","Everyone sees reality, even of themselves, in a certain way.",התמונה הזו מראה אדם שמסתכל על עצמו במראה.,This image shows a man looking at himself in a mirror,0.3657,0.5498,0.242,0.8773,יושב על אותו משפט: ״מחשבה מייצרת מציאות״,"Sitting on the same sentence: ""Thought produces reality""",0.6242,0.4112,0.5237,0.8684,0.2838
7_1_62,7,1,62,7_1,"כל אחד רואה את המציאות , גם של עצמו, בדרך מסויימת","Everyone sees reality, even of themselves, in a certain way.",התמונה הזו מראה אדם שמסתכל על עצמו במראה.,This image shows a man looking at himself in a mirror,0.3657,0.5498,0.242,0.8773,לא בוחר בשום תמונה כאן.,Don't choose any picture here.,0.1942,0.3472,0.0804,0.8544,0.3726
7_1_8,7,1,8,7_1,"כל אחד רואה את המציאות , גם של עצמו, בדרך מסויימת","Everyone sees reality, even of themselves, in a certain way.",התמונה הזו מראה אדם שמסתכל על עצמו במראה.,This image shows a man looking at himself in a mirror,0.3657,0.5498,0.242,0.8773,ניתן לראות שמה שאני מבין זה מה שאני רואה,You can see that what I understand is what I see.,0.6006,0.5247,0.4851,0.875,0.3767
8_1_15,8,1,15,8_1,שינוי בדרך שבה מתבוננים על המציאות יכולה לשנות את מה שאנחנו רואים,Changing the way we look at reality can change what we see.,תמונה זו מראה שני נתיבים שונים באותו שדה עם שמיים מעורפלים,This image shows two different paths in the same field with a misty sky,0.2079,0.3945,0.0971,0.8601,לפעמים אתה יכול לראות דרך ארוכה למרות שבפועל היא קצרה,Sometimes you can see a long way though in practice it is short,0.4929,0.4716,0.4408,0.8814,0.5616
8_1_23,8,1,23,8_1,שינוי בדרך שבה מתבוננים על המציאות יכולה לשנות את מה שאנחנו רואים,Changing the way we look at reality can change what we see.,תמונה זו מראה שני נתיבים שונים באותו שדה עם שמיים מעורפלים,This image shows two different paths in the same field with a misty sky,0.2079,0.3945,0.0971,0.8601,לפעמים הדרך נראת לא ברורה אבל אם נשנה את נקודת המבט שלנו דברים יראו אחרת כמו השביל בתמונה,Sometimes the path seems unclear but if we change our perspective things will look different like the path in the picture,0.7135,0.6202,0.6511,0.8947,0.5048
8_1_27,8,1,27,8_1,שינוי בדרך שבה מתבוננים על המציאות יכולה לשנות את מה שאנחנו רואים,Changing the way we look at reality can change what we see.,תמונה זו מראה שני נתיבים שונים באותו שדה עם שמיים מעורפלים,This image shows two different paths in the same field with a misty sky,0.2079,0.3945,0.0971,0.8601,מצד אחד אני רואה יער יפה ומצד שני ערפל מפחיד,On the one hand I see a beautiful forest and on the other a frightening mist,0.3112,0.3864,0.228,0.8728,0.6834
8_1_44,8,1,44,8_1,שינוי בדרך שבה מתבוננים על המציאות יכולה לשנות את מה שאנחנו רואים,Changing the way we look at reality can change what we see.,תמונה זו מראה שני נתיבים שונים באותו שדה עם שמיים מעורפלים,This image shows two different paths in the same field with a misty sky,0.2079,0.3945,0.0971,0.8601,לפעמים החשיבת יתר שלנו על דברים גורמת לנו לראות דברים לא בצורה הראשונה שראינו אותם.,Sometimes our overthinking about things makes us see things not in the first way we saw them.,0.7332,0.6762,0.6529,0.9153,0.3609
8_2_19,8,2,19,8_2,כשרואים את המערכת מזויות שונות ניתן להבין דברים שונים,"When you see the system from different angles, you can understand different things.",תמונה זו מראה קורי עכביש ועץ,This image shows a spider web and a tree,0.1319,0.2396,0.0713,0.8669,"לפעמיים מה שרואים מכאן לא רואים משם ולכן, צריך תמיד להסתכל על תמונה רחבה.","Sometimes what you see from here is not visible from there and therefore, you should always look at a wide picture.",0.6067,0.3062,0.5218,0.8936,0.2337
8_2_41,8,2,41,8_2,כשרואים את המערכת מזויות שונות ניתן להבין דברים שונים,"When you see the system from different angles, you can understand different things.",תמונה זו מראה קורי עכביש ועץ,This image shows a spider web and a tree,0.1319,0.2396,0.0713,0.8669,רואים את התמונה הגדולה והקשרים של הדברים,You see the big picture and the connections of things.,0.6887,0.4118,0.6209,0.9017,0.4468
8_2_46,8,2,46,8_2,כשרואים את המערכת מזויות שונות ניתן להבין דברים שונים,"When you see the system from different angles, you can understand different things.",תמונה זו מראה קורי עכביש ועץ,This image shows a spider web and a tree,0.1319,0.2396,0.0713,0.8669,נראה כמו תמונה שאומרת שלפעמים אנו מקשים על המציאות יותר ממה שהיא ורואים אותה כך אחרת מתוך זה שאנו חושבים יתר על המידה. כמו בתמונה הופכים קור בודד לרשת קורים גדולה ומאיימת.,"It seems like an image that says that sometimes we make reality more difficult than it is and see it that way differently from overthinking it, like in the picture turning a single cold into a big, threatening web.",0.6067,0.3139,0.4863,0.8623,0.2803
9_1_23,9,1,23,9_1,גם לאדם בודד יש השפעה רחבה על הסביבה שלו,A single person also has a large impact on their environment.,"תמונה זו מראה את כדור ־ הארץ ביד, המדגים שהאדם משפיע על העולם הסובב אותו מפני","This image shows the earth in a hand, which illustrates man affects the world around him because",0.5413,0.4767,0.4889,0.883,כדור הארץ נמצא תחת האחריות של בני אדם בתמונה יד אנושית מחזיקה את כדור הארץ,The Earth is under the responsibility of humans in the image A human hand holds the Earth,0.4375,0.411,0.3828,0.8917,0.6106
9_1_24,9,1,24,9_1,גם לאדם בודד יש השפעה רחבה על הסביבה שלו,A single person also has a large impact on their environment.,"תמונה זו מראה את כדור ־ הארץ ביד, המדגים שהאדם משפיע על העולם הסובב אותו מפני","This image shows the earth in a hand, which illustrates man affects the world around him because",0.5413,0.4767,0.4889,0.883,כדור הארץ בכף היד של האדם,The Earth in Man's Palm,0.428,0.4435,0.3834,0.8794,0.7127
9_1_27,9,1,27,9_1,גם לאדם בודד יש השפעה רחבה על הסביבה שלו,A single person also has a large impact on their environment.,"תמונה זו מראה את כדור ־ הארץ ביד, המדגים שהאדם משפיע על העולם הסובב אותו מפני","This image shows the earth in a hand, which illustrates man affects the world around him because",0.5413,0.4767,0.4889,0.883,היד שמחזיקה את העולם שאנו הם שמשפיעים על הסביבה,The hand that holds the world that we are influencing the environment,0.5354,0.5182,0.5806,0.8827,0.7011
9_1_49,9,1,49,9_1,גם לאדם בודד יש השפעה רחבה על הסביבה שלו,A single person also has a large impact on their environment.,"תמונה זו מראה את כדור ־ הארץ ביד, המדגים שהאדם משפיע על העולם הסובב אותו מפני","This image shows the earth in a hand, which illustrates man affects the world around him because",0.5413,0.4767,0.4889,0.883,יד אנושית מסביב לכדור הארץ,A human hand around the Earth,0.4036,0.4926,0.3331,0.8848,0.7277
9_2_11,9,2,11,9_2,שיתוף פעולה בין הרבה אנשים גורם להשפעה על הסביבה,Collaboration among many people is causing an impact on the environment,התמונה הזו מראה אדם שנטוע עץ בפארק,This image shows a man planting a tree in the park,0.1897,0.3879,0.1701,0.8807,"עושה משהו לטובה הסביבה, מלמד את הבן שלו והם נהנים מזה","Doing something for the good of the environment, teaching his son and they enjoy it",0.4858,0.4322,0.5315,0.8824,0.3638
9_2_14,9,2,14,9_2,שיתוף פעולה בין הרבה אנשים גורם להשפעה על הסביבה,Collaboration among many people is causing an impact on the environment,התמונה הזו מראה אדם שנטוע עץ בפארק,This image shows a man planting a tree in the park,0.1897,0.3879,0.1701,0.8807,כפי שתתנהג לסביבה זה יחזור אלייך,"As you behave in the environment, it will come back to you.",0.4913,0.4091,0.3933,0.8793,0.2222
9_2_15,9,2,15,9_2,שיתוף פעולה בין הרבה אנשים גורם להשפעה על הסביבה,Collaboration among many people is causing an impact on the environment,התמונה הזו מראה אדם שנטוע עץ בפארק,This image shows a man planting a tree in the park,0.1897,0.3879,0.1701,0.8807,הוא עוזר לארץ להיות יפה,It helps the country to be beautiful.,0.3643,0.2719,0.3094,0.8939,0.2576
9_2_19,9,2,19,9_2,שיתוף פעולה בין הרבה אנשים גורם להשפעה על הסביבה,Collaboration among many people is causing an impact on the environment,התמונה הזו מראה אדם שנטוע עץ בפארק,This image shows a man planting a tree in the park,0.1897,0.3879,0.1701,0.8807,העולם יראה כמו שהוא נראה בעקבות האנשים שסביבו. נעשה טוב יהיה טוב ולהיפך.,"The world will look like it does following the people around it, done well will be good and vice versa.",0.4334,0.3998,0.3756,0.8442,0.1615
9_2_21,9,2,21,9_2,שיתוף פעולה בין הרבה אנשים גורם להשפעה על הסביבה,Collaboration among many people is causing an impact on the environment,התמונה הזו מראה אדם שנטוע עץ בפארק,This image shows a man planting a tree in the park,0.1897,0.3879,0.1701,0.8807,שתלית עץ להרבה שנים קדימה,Planting a tree for many years ahead,0.3691,0.3797,0.2619,0.8862,0.3038
9_2_22,9,2,22,9_2,שיתוף פעולה בין הרבה אנשים גורם להשפעה על הסביבה,Collaboration among many people is causing an impact on the environment,התמונה הזו מראה אדם שנטוע עץ בפארק,This image shows a man planting a tree in the park,0.1897,0.3879,0.1701,0.8807,כי איך שאתה תתנהג ותראה לעולם חינוך טוב וערכים ככה הסביבה תהיה טובה יותר,Because the way you behave and show the world good education and values that the environment will be better.,0.4821,0.4325,0.5118,0.8684,0.1271
9_2_26,9,2,26,9_2,שיתוף פעולה בין הרבה אנשים גורם להשפעה על הסביבה,Collaboration among many people is causing an impact on the environment,התמונה הזו מראה אדם שנטוע עץ בפארק,This image shows a man planting a tree in the park,0.1897,0.3879,0.1701,0.8807,גינון הוא דרך להשפיע על העולם והסביבה,Gardening is a way of influencing the world and the environment.,0.627,0.5475,0.5806,0.9055,0.1589
9_2_29,9,2,29,9_2,שיתוף פעולה בין הרבה אנשים גורם להשפעה על הסביבה,Collaboration among many people is causing an impact on the environment,התמונה הזו מראה אדם שנטוע עץ בפארק,This image shows a man planting a tree in the park,0.1897,0.3879,0.1701,0.8807,הי ממש מזבירה המשפט אכי הרבה,"Hey, it's really pouring. The trial's gonna take a lot.",0.2996,0.1498,0.2079,0.8585,0.2677
9_2_35,9,2,35,9_2,שיתוף פעולה בין הרבה אנשים גורם להשפעה על הסביבה,Collaboration among many people is causing an impact on the environment,התמונה הזו מראה אדם שנטוע עץ בפארק,This image shows a man planting a tree in the park,0.1897,0.3879,0.1701,0.8807,תורמים לסביבה ירוקה,Contributing to a Green Environment,0.6866,0.4769,0.6864,0.9028,0.2348
9_2_36,9,2,36,9_2,שיתוף פעולה בין הרבה אנשים גורם להשפעה על הסביבה,Collaboration among many people is causing an impact on the environment,התמונה הזו מראה אדם שנטוע עץ בפארק,This image shows a man planting a tree in the park,0.1897,0.3879,0.1701,0.8807,להשתיל פרחים יונתן לי תחושה שאני מחובר לאדמה,To plant flowers Jonathan Lee feels that I am connected to the earth,0.2967,0.3236,0.3184,0.8758,0.3827
9_2_41,9,2,41,9_2,שיתוף פעולה בין הרבה אנשים גורם להשפעה על הסביבה,Collaboration among many people is causing an impact on the environment,התמונה הזו מראה אדם שנטוע עץ בפארק,This image shows a man planting a tree in the park,0.1897,0.3879,0.1701,0.8807,"האדם עוסק בעשיה, שותל עץ שישפיע על העולם","Man engages in doing, planting a tree that will affect the world",0.5091,0.4897,0.4007,0.88,0.2739
9_2_44,9,2,44,9_2,שיתוף פעולה בין הרבה אנשים גורם להשפעה על הסביבה,Collaboration among many people is causing an impact on the environment,התמונה הזו מראה אדם שנטוע עץ בפארק,This image shows a man planting a tree in the park,0.1897,0.3879,0.1701,0.8807,ברגע שאדם עושה צעד גם אם זה חיובי וגם אם זה שלילי אז זה משפיע על הסביבה שלו כי בסוף הם יעשו דבר דומה אליו.,Once a person makes a move even if it is positive and even if it is negative then it affects their environment because in the end they will do something similar to it.,0.571,0.5339,0.497,0.8615,0.2364
9_2_53,9,2,53,9_2,שיתוף פעולה בין הרבה אנשים גורם להשפעה על הסביבה,Collaboration among many people is causing an impact on the environment,התמונה הזו מראה אדם שנטוע עץ בפארק,This image shows a man planting a tree in the park,0.1897,0.3879,0.1701,0.8807,האדם משפיע על ידי שתילת עץ שישפר את הפוטוסינטזה של העולם ובכך ישפיע על סביבתו,Man influences by planting a tree that will improve the photosynthesis of the world and thus affect his environment.,0.6403,0.6021,0.4299,0.8704,0.2595
9_2_57,9,2,57,9_2,שיתוף פעולה בין הרבה אנשים גורם להשפעה על הסביבה,Collaboration among many people is causing an impact on the environment,התמונה הזו מראה אדם שנטוע עץ בפארק,This image shows a man planting a tree in the park,0.1897,0.3879,0.1701,0.8807,כי הבת מסתכלת ותעשה כמוהו,For the daughter looks and will do as he,0.2053,0.2788,0.087,0.8302,0.2503
9_2_58,9,2,58,9_2,שיתוף פעולה בין הרבה אנשים גורם להשפעה על הסביבה,Collaboration among many people is causing an impact on the environment,התמונה הזו מראה אדם שנטוע עץ בפארק,This image shows a man planting a tree in the park,0.1897,0.3879,0.1701,0.8807,התמונה מראה בצורה ברורה וישירה את ההשפעה של בני אדם כל העולם סביבו כמו בתמונה פעולה פשוטה כמו נטיעת עץ משנה ומשפרת את העולם סביבנו.,The image clearly and directly shows the impact of humans all over the world around it as in the image an action as simple as planting a changing tree and improving the world around us.,0.6065,0.4748,0.5597,0.862,0.3123
9_2_60,9,2,60,9_2,שיתוף פעולה בין הרבה אנשים גורם להשפעה על הסביבה,Collaboration among many people is causing an impact on the environment,התמונה הזו מראה אדם שנטוע עץ בפארק,This image shows a man planting a tree in the park,0.1897,0.3879,0.1701,0.8807,הנוטע עצים דואג לשנים,The tree planter takes care of years,0.3844,0.2541,0.1966,0.8524,0.2882
9_2_61,9,2,61,9_2,שיתוף פעולה בין הרבה אנשים גורם להשפעה על הסביבה,Collaboration among many people is causing an impact on the environment,התמונה הזו מראה אדם שנטוע עץ בפארק,This image shows a man planting a tree in the park,0.1897,0.3879,0.1701,0.8807,האיש שותל צמח שישפיע על המערכת האקולוגית בסביבה. בין אם הוא יתרבה בעתיד ובין על הבעלי חיים,"The man plants a plant that will affect the ecosystem in the environment, whether it reproduces in the future or the animals.",0.5128,0.4431,0.4002,0.8734,0.4586
9_2_62,9,2,62,9_2,שיתוף פעולה בין הרבה אנשים גורם להשפעה על הסביבה,Collaboration among many people is causing an impact on the environment,התמונה הזו מראה אדם שנטוע עץ בפארק,This image shows a man planting a tree in the park,0.1897,0.3879,0.1701,0.8807,בתמונה 2 האדם תורם לסביבה ובכך משפיע עליה.,"In Figure 2, the person contributes to the environment and thus influences it.",0.6955,0.5454,0.6121,0.892,0.3254
